<pad>			empty
<s>			empty
</s>			empty
<unk>			empty
n	https://en.wikipedia.org/wiki/IPA_consonant_chart_with_audio	http://upload.wikimedia.org/wikipedia/commons/2/29/Alveolar_nasal.ogg	voiced alveolar nasal
s	https://en.wikipedia.org/wiki/IPA_consonant_chart_with_audio	http://upload.wikimedia.org/wikipedia/commons/a/ac/Voiceless_alveolar_sibilant.ogg	voiceless alveolar fricative
t	https://en.wikipedia.org/wiki/IPA_consonant_chart_with_audio	http://upload.wikimedia.org/wikipedia/commons/0/02/Voiceless_alveolar_plosive.ogg	voiceless alveolar plosive
ə	https://en.wikipedia.org/wiki/IPA_vowel_chart_with_audio	http://upload.wikimedia.org/wikipedia/commons/d/d9/Mid-central_vowel.ogg	schwa
l	https://en.wikipedia.org/wiki/IPA_consonant_chart_with_audio	http://upload.wikimedia.org/wikipedia/commons/b/bc/Alveolar_lateral_approximant.ogg	voiced alveolar lateral-approximant
a	https://en.wikipedia.org/wiki/IPA_vowel_chart_with_audio	http://upload.wikimedia.org/wikipedia/commons/6/65/Open_front_unrounded_vowel.ogg	open front unrounded vowel
i	https://en.wikipedia.org/wiki/IPA_vowel_chart_with_audio	http://upload.wikimedia.org/wikipedia/commons/9/91/Close_front_unrounded_vowel.ogg	close front unrounded vowel
k	https://en.wikipedia.org/wiki/IPA_consonant_chart_with_audio	http://upload.wikimedia.org/wikipedia/commons/e/e3/Voiceless_velar_plosive.ogg	voiceless velar plosive
d	https://en.wikipedia.org/wiki/IPA_consonant_chart_with_audio	http://upload.wikimedia.org/wikipedia/commons/0/01/Voiced_alveolar_plosive.ogg	voiced alveolar plosive
m	https://en.wikipedia.org/wiki/IPA_consonant_chart_with_audio	http://upload.wikimedia.org/wikipedia/commons/a/a9/Bilabial_nasal.ogg	voiced bilabial nasal
ɛ	https://en.wikipedia.org/wiki/IPA_vowel_chart_with_audio	http://upload.wikimedia.org/wikipedia/commons/7/71/Open-mid_front_unrounded_vowel.ogg	open-mid front unrounded vowel
ɾ	https://en.wikipedia.org/wiki/IPA_consonant_chart_with_audio	http://upload.wikimedia.org/wikipedia/commons/a/a0/Alveolar_tap.ogg	voiced alveolar flap
e	https://en.wikipedia.org/wiki/IPA_vowel_chart_with_audio	http://upload.wikimedia.org/wikipedia/commons/6/6c/Close-mid_front_unrounded_vowel.ogg	close-mid front unrounded vowel
ɪ	https://en.wikipedia.org/wiki/IPA_vowel_chart_with_audio	http://upload.wikimedia.org/wikipedia/commons/4/4c/Near-close_near-front_unrounded_vowel.ogg	near-close near-front unrounded vowel
p	https://en.wikipedia.org/wiki/IPA_consonant_chart_with_audio	http://upload.wikimedia.org/wikipedia/commons/5/51/Voiceless_bilabial_plosive.ogg	voiceless bilabial plosive
o	https://en.wikipedia.org/wiki/IPA_vowel_chart_with_audio	http://upload.wikimedia.org/wikipedia/commons/8/84/Close-mid_back_rounded_vowel.ogg	close-mid back rounded vowel
ɐ	https://en.wikipedia.org/wiki/IPA_vowel_chart_with_audio	http://upload.wikimedia.org/wikipedia/commons/2/22/Near-open_central_unrounded_vowel.ogg	near-open central unrounded vowel
z	https://en.wikipedia.org/wiki/IPA_consonant_chart_with_audio	http://upload.wikimedia.org/wikipedia/commons/c/c0/Voiced_alveolar_sibilant.ogg	voiced alveolar fricative
ð	https://en.wikipedia.org/wiki/IPA_consonant_chart_with_audio	http://upload.wikimedia.org/wikipedia/commons/6/6a/Voiced_dental_fricative.ogg	voiced dental fricative
f	https://en.wikipedia.org/wiki/IPA_consonant_chart_with_audio	http://upload.wikimedia.org/wikipedia/commons/c/c7/Voiceless_labio-dental_fricative.ogg	voiceless labio-dental fricative
j	https://en.wikipedia.org/wiki/IPA_consonant_chart_with_audio	http://upload.wikimedia.org/wikipedia/commons/e/e8/Palatal_approximant.ogg	voiced palatal approximant
v	https://en.wikipedia.org/wiki/IPA_consonant_chart_with_audio	http://upload.wikimedia.org/wikipedia/commons/4/42/Voiced_labio-dental_fricative.ogg	voiced labio-dental fricative
b	https://en.wikipedia.org/wiki/IPA_consonant_chart_with_audio	http://upload.wikimedia.org/wikipedia/commons/2/2c/Voiced_bilabial_plosive.ogg	voiced bilabial plosive
ɹ	https://en.wikipedia.org/wiki/IPA_consonant_chart_with_audio	http://upload.wikimedia.org/wikipedia/commons/1/1f/Alveolar_approximant.ogg	voiced alveolar approximant
ʁ	https://en.wikipedia.org/wiki/IPA_consonant_chart_with_audio	http://upload.wikimedia.org/wikipedia/commons/a/af/Voiced_uvular_fricative.ogg	voiced uvular fricative
ʊ	https://en.wikipedia.org/wiki/IPA_vowel_chart_with_audio	http://upload.wikimedia.org/wikipedia/commons/d/d5/Near-close_near-back_rounded_vowel.ogg	near-close near-back rounded vowel
iː	https://en.wikipedia.org/wiki/IPA_vowel_chart_with_audio	http://upload.wikimedia.org/wikipedia/commons/9/91/Close_front_unrounded_vowel.ogg	long close front unrounded vowel
r	https://en.wikipedia.org/wiki/IPA_consonant_chart_with_audio	http://upload.wikimedia.org/wikipedia/commons/c/ce/Alveolar_trill.ogg	voiced alveolar trill
w	https://en.wikipedia.org/wiki/IPA_consonant_chart_with_audio	http://upload.wikimedia.org/wikipedia/commons/3/37/Voiced_bilabial_fricative.ogg	voiced bilabial approximant
ʌ	https://en.wikipedia.org/wiki/IPA_vowel_chart_with_audio	http://upload.wikimedia.org/wikipedia/commons/8/80/PR-open-mid_back_unrounded_vowel2.ogg	open-mid back unrounded vowel
u	https://en.wikipedia.org/wiki/IPA_vowel_chart_with_audio	http://upload.wikimedia.org/wikipedia/commons/5/5d/Close_back_rounded_vowel.ogg	close back rounded vowel
ɡ	https://en.wikipedia.org/wiki/IPA_consonant_chart_with_audio	http://upload.wikimedia.org/wikipedia/commons/1/12/Voiced_velar_plosive_02.ogg	voiced velar plosive
æ	https://en.wikipedia.org/wiki/IPA_vowel_chart_with_audio	http://upload.wikimedia.org/wikipedia/commons/c/c9/Near-open_front_unrounded_vowel.ogg	near-open front unrounded vowel
aɪ	https://en.wikipedia.org/wiki/IPA_vowel_chart_with_audio	http://upload.wikimedia.org/wikipedia/commons/6/65/Open_front_unrounded_vowel.ogg http://upload.wikimedia.org/wikipedia/commons/4/4c/Near-close_near-front_unrounded_vowel.ogg	open front unrounded vowel near-close near-front unrounded vowel
ʃ	https://en.wikipedia.org/wiki/IPA_consonant_chart_with_audio	http://upload.wikimedia.org/wikipedia/commons/c/cc/Voiceless_palato-alveolar_sibilant.ogg	voiceless post-alveolar fricative
h	https://en.wikipedia.org/wiki/IPA_consonant_chart_with_audio	http://upload.wikimedia.org/wikipedia/commons/d/da/Voiceless_glottal_fricative.ogg	voiceless glottal fricative
ɔ	https://en.wikipedia.org/wiki/IPA_vowel_chart_with_audio	http://upload.wikimedia.org/wikipedia/commons/d/d0/PR-open-mid_back_rounded_vowel.ogg	open-mid back rounded vowel
ɑː	https://en.wikipedia.org/wiki/IPA_vowel_chart_with_audio	http://upload.wikimedia.org/wikipedia/commons/e/e5/Open_back_unrounded_vowel.ogg	long open back unrounded vowel
ŋ	https://en.wikipedia.org/wiki/IPA_consonant_chart_with_audio	http://upload.wikimedia.org/wikipedia/commons/3/39/Velar_nasal.ogg	voiced velar nasal
ɚ	https://en.wikipedia.org/wiki/IPA_vowel_chart_with_audio	http://upload.wikimedia.org/wikipedia/commons/e/e1/En-us-er.ogg	r-coloured schwa
eɪ	https://en.wikipedia.org/wiki/IPA_vowel_chart_with_audio	http://upload.wikimedia.org/wikipedia/commons/6/6c/Close-mid_front_unrounded_vowel.ogg http://upload.wikimedia.org/wikipedia/commons/4/4c/Near-close_near-front_unrounded_vowel.ogg	close-mid front unrounded vowel near-close near-front unrounded vowel
β	https://en.wikipedia.org/wiki/IPA_consonant_chart_with_audio	http://upload.wikimedia.org/wikipedia/commons/3/37/Voiced_bilabial_fricative.ogg	voiced bilabial fricative
uː	https://en.wikipedia.org/wiki/IPA_vowel_chart_with_audio	http://upload.wikimedia.org/wikipedia/commons/5/5d/Close_back_rounded_vowel.ogg	long close back rounded vowel
y	https://en.wikipedia.org/wiki/IPA_vowel_chart_with_audio	http://upload.wikimedia.org/wikipedia/commons/e/ea/Close_front_rounded_vowel.ogg	close front rounded vowel
ɑ̃	https://en.wikipedia.org/wiki/IPA_vowel_chart_with_audio	http://upload.wikimedia.org/wikipedia/commons/e/e5/Open_back_unrounded_vowel.ogg	nasalized open back unrounded vowel
oʊ	https://en.wikipedia.org/wiki/IPA_vowel_chart_with_audio	http://upload.wikimedia.org/wikipedia/commons/8/84/Close-mid_back_rounded_vowel.ogg http://upload.wikimedia.org/wikipedia/commons/d/d5/Near-close_near-back_rounded_vowel.ogg	close-mid back rounded vowel near-close near-back rounded vowel
ᵻ	https://en.wikipedia.org/wiki/IPA_consonant_chart_with_audio	http://upload.wikimedia.org/wikipedia/commons/f/fe/Near-close_central_unrounded_vowel.ogg	near-close central unrounded vowel
eː	https://en.wikipedia.org/wiki/IPA_vowel_chart_with_audio	http://upload.wikimedia.org/wikipedia/commons/6/6c/Close-mid_front_unrounded_vowel.ogg	long close-mid front unrounded vowel
θ	https://en.wikipedia.org/wiki/IPA_consonant_chart_with_audio	http://upload.wikimedia.org/wikipedia/commons/8/80/Voiceless_dental_fricative.ogg	voiceless dental fricative
aʊ	https://en.wikipedia.org/wiki/IPA_vowel_chart_with_audio	http://upload.wikimedia.org/wikipedia/commons/6/65/Open_front_unrounded_vowel.ogg http://upload.wikimedia.org/wikipedia/commons/d/d5/Near-close_near-back_rounded_vowel.ogg	open front unrounded vowel near-close near-back rounded vowel
ts	https://en.wikipedia.org/wiki/IPA_consonant_chart_with_audio	http://upload.wikimedia.org/wikipedia/commons/9/9d/Voiceless_alveolar_sibilant_affricate.oga	voiceless alveolar affricate
oː	https://en.wikipedia.org/wiki/IPA_vowel_chart_with_audio	http://upload.wikimedia.org/wikipedia/commons/8/84/Close-mid_back_rounded_vowel.ogg	long close-mid back rounded vowel
ɔ̃	https://en.wikipedia.org/wiki/IPA_vowel_chart_with_audio	http://upload.wikimedia.org/wikipedia/commons/d/d0/PR-open-mid_back_rounded_vowel.ogg	nasalized open-mid back rounded vowel
ɣ	https://en.wikipedia.org/wiki/IPA_consonant_chart_with_audio	http://upload.wikimedia.org/wikipedia/commons/4/47/Voiced_velar_fricative.ogg	voiced velar fricative
ɜ	https://en.wikipedia.org/wiki/IPA_vowel_chart_with_audio	http://upload.wikimedia.org/wikipedia/commons/0/01/Open-mid_central_unrounded_vowel.ogg	open-mid central unrounded vowel
ɑ	https://en.wikipedia.org/wiki/IPA_vowel_chart_with_audio	http://upload.wikimedia.org/wikipedia/commons/e/e5/Open_back_unrounded_vowel.ogg	open back unrounded vowel
dʒ	https://en.wikipedia.org/wiki/IPA_consonant_chart_with_audio	http://upload.wikimedia.org/wikipedia/commons/e/e6/Voiced_palato-alveolar_affricate.ogg	voiced post-alveolar affricate
əl	https://en.wikipedia.org/wiki/IPA_consonant_chart_with_audio	http://upload.wikimedia.org/wikipedia/commons/d/d9/Mid-central_vowel.ogg 	schwa voiced alveolar lateral-approximant
x	https://en.wikipedia.org/wiki/IPA_consonant_chart_with_audio	http://upload.wikimedia.org/wikipedia/commons/0/0f/Voiceless_velar_fricative.ogg	voiceless velar fricative
ɜː	https://en.wikipedia.org/wiki/IPA_vowel_chart_with_audio	http://upload.wikimedia.org/wikipedia/commons/0/01/Open-mid_central_unrounded_vowel.ogg	long open-mid central unrounded vowel
ç	https://en.wikipedia.org/wiki/IPA_consonant_chart_with_audio	http://upload.wikimedia.org/wikipedia/commons/a/ab/Voiceless_palatal_fricative.ogg	voiceless palatal fricative
ʒ	https://en.wikipedia.org/wiki/IPA_consonant_chart_with_audio	http://upload.wikimedia.org/wikipedia/commons/3/30/Voiced_palato-alveolar_sibilant.ogg	voiced post-alveolar fricative
tʃ	https://en.wikipedia.org/wiki/IPA_consonant_chart_with_audio	http://upload.wikimedia.org/wikipedia/commons/9/97/Voiceless_palato-alveolar_affricate.ogg	voiceless post-alveolar affricate
ɔː	https://en.wikipedia.org/wiki/IPA_vowel_chart_with_audio	http://upload.wikimedia.org/wikipedia/commons/d/d0/PR-open-mid_back_rounded_vowel.ogg	long open-mid back rounded vowel
ɑːɹ	https://en.wikipedia.org/wiki/IPA_consonant_chart_with_audio	http://upload.wikimedia.org/wikipedia/commons/e/e5/Open_back_unrounded_vowel.ogg http://upload.wikimedia.org/wikipedia/commons/1/1f/Alveolar_approximant.ogg	long open back unrounded vowel voiced alveolar approximant
ɛ̃	https://en.wikipedia.org/wiki/IPA_vowel_chart_with_audio	http://upload.wikimedia.org/wikipedia/commons/7/71/Open-mid_front_unrounded_vowel.ogg	nasalized open-mid front unrounded vowel
ʎ	https://en.wikipedia.org/wiki/IPA_consonant_chart_with_audio	http://upload.wikimedia.org/wikipedia/commons/9/9d/Voiceless_alveolar_sibilant_affricate.oga	voiced palatal lateral-approximant
ɔːɹ	https://en.wikipedia.org/wiki/IPA_consonant_chart_with_audio	http://upload.wikimedia.org/wikipedia/commons/d/d0/PR-open-mid_back_rounded_vowel.ogg http://upload.wikimedia.org/wikipedia/commons/1/1f/Alveolar_approximant.ogg	long open-mid back rounded vowel voiced alveolar approximant
ʋ	https://en.wikipedia.org/wiki/IPA_consonant_chart_with_audio	http://upload.wikimedia.org/wikipedia/commons/e/ee/Labiodental_approximant.ogg	voiced labio-dental approximant
aː	https://en.wikipedia.org/wiki/IPA_vowel_chart_with_audio	http://upload.wikimedia.org/wikipedia/commons/6/65/Open_front_unrounded_vowel.ogg	long open front unrounded vowel
ɕ	https://en.wikipedia.org/wiki/IPA_consonant_chart_with_audio	http://upload.wikimedia.org/wikipedia/commons/0/0b/Voiceless_alveolo-palatal_sibilant.ogg	voiceless alveolo-palatal fricative
œ	https://en.wikipedia.org/wiki/IPA_vowel_chart_with_audio	http://upload.wikimedia.org/wikipedia/commons/9/9f/Open-mid_front_rounded_vowel_%282%29.ogg	open-mid front rounded vowel
ø	https://en.wikipedia.org/wiki/IPA_vowel_chart_with_audio	http://upload.wikimedia.org/wikipedia/commons/5/53/Close-mid_front_rounded_vowel.ogg	close-mid front rounded vowel
oːɹ	https://en.wikipedia.org/wiki/IPA_consonant_chart_with_audio	http://upload.wikimedia.org/wikipedia/commons/8/84/Close-mid_back_rounded_vowel.ogg http://upload.wikimedia.org/wikipedia/commons/1/1f/Alveolar_approximant.ogg	long close-mid back rounded vowel voiced alveolar approximant
ɲ	https://en.wikipedia.org/wiki/IPA_consonant_chart_with_audio	http://upload.wikimedia.org/wikipedia/commons/4/46/Palatal_nasal.ogg	voiced palatal nasal
yː	https://en.wikipedia.org/wiki/IPA_vowel_chart_with_audio	http://upload.wikimedia.org/wikipedia/commons/e/ea/Close_front_rounded_vowel.ogg	long close front rounded vowel
ʔ	https://en.wikipedia.org/wiki/IPA_consonant_chart_with_audio	http://upload.wikimedia.org/wikipedia/commons/4/4d/Glottal_stop.ogg	voiceless glottal plosive
iə	https://en.wikipedia.org/wiki/IPA_vowel_chart_with_audio	http://upload.wikimedia.org/wikipedia/commons/9/91/Close_front_unrounded_vowel.ogg http://upload.wikimedia.org/wikipedia/commons/d/d9/Mid-central_vowel.ogg	close front unrounded vowel schwa
i5	https://en.wikipedia.org/wiki/IPA_vowel_chart_with_audio	http://upload.wikimedia.org/wikipedia/commons/9/91/Close_front_unrounded_vowel.ogg	 close front unrounded vowel
s.	https://en.wikipedia.org/wiki/IPA_consonant_chart_with_audio	http://upload.wikimedia.org/wikipedia/commons/a/ac/Voiceless_alveolar_sibilant.ogg	 voiceless alveolar fricative
tɕ	https://en.wikipedia.org/wiki/IPA_consonant_chart_with_audio	http://upload.wikimedia.org/wikipedia/commons/f/fd/Voiceless_palatal_affricate.ogg	voiceless palatal affricate
??			empty
nʲ	https://en.wikipedia.org/wiki/IPA_consonant_chart_with_audio	http://upload.wikimedia.org/wikipedia/commons/2/29/Alveolar_nasal.ogg	lateral release voiced alveolar nasal
ɛː	https://en.wikipedia.org/wiki/IPA_vowel_chart_with_audio	http://upload.wikimedia.org/wikipedia/commons/7/71/Open-mid_front_unrounded_vowel.ogg	long open-mid front unrounded vowel
œ̃	https://en.wikipedia.org/wiki/IPA_vowel_chart_with_audio	http://upload.wikimedia.org/wikipedia/commons/9/9f/Open-mid_front_rounded_vowel_%282%29.ogg	nasalized open-mid front rounded vowel
ɭ	https://en.wikipedia.org/wiki/IPA_consonant_chart_with_audio	http://upload.wikimedia.org/wikipedia/commons/d/d1/Retroflex_lateral_approximant.ogg	voiced retroflex lateral-approximant
ɔø	https://en.wikipedia.org/wiki/IPA_vowel_chart_with_audio	http://upload.wikimedia.org/wikipedia/commons/d/d0/PR-open-mid_back_rounded_vowel.ogg http://upload.wikimedia.org/wikipedia/commons/5/53/Close-mid_front_rounded_vowel.ogg	open-mid back rounded vowel close-mid front rounded vowel
ʑ	https://en.wikipedia.org/wiki/IPA_consonant_chart_with_audio	http://upload.wikimedia.org/wikipedia/commons/1/15/Voiced_alveolo-palatal_sibilant.ogg	voiced alveolo-palatal fricative
tʲ	https://en.wikipedia.org/wiki/IPA_consonant_chart_with_audio	http://upload.wikimedia.org/wikipedia/commons/0/02/Voiceless_alveolar_plosive.ogg	lateral release voiceless alveolar plosive
ɨ	https://en.wikipedia.org/wiki/IPA_vowel_chart_with_audio	http://upload.wikimedia.org/wikipedia/commons/5/53/Close_central_unrounded_vowel.ogg	close central unrounded vowel
ɛɹ	https://en.wikipedia.org/wiki/IPA_consonant_chart_with_audio	http://upload.wikimedia.org/wikipedia/commons/7/71/Open-mid_front_unrounded_vowel.ogg http://upload.wikimedia.org/wikipedia/commons/1/1f/Alveolar_approximant.ogg	open-mid front unrounded vowel voiced alveolar approximant
ts.	https://en.wikipedia.org/wiki/IPA_consonant_chart_with_audio	http://upload.wikimedia.org/wikipedia/commons/9/9d/Voiceless_alveolar_sibilant_affricate.oga	 voiceless alveolar affricate
rʲ	https://en.wikipedia.org/wiki/IPA_consonant_chart_with_audio	http://upload.wikimedia.org/wikipedia/commons/c/ce/Alveolar_trill.ogg	lateral release voiced alveolar trill
ɪɹ	https://en.wikipedia.org/wiki/IPA_consonant_chart_with_audio	http://upload.wikimedia.org/wikipedia/commons/4/4c/Near-close_near-front_unrounded_vowel.ogg http://upload.wikimedia.org/wikipedia/commons/1/1f/Alveolar_approximant.ogg	near-close near-front unrounded vowel voiced alveolar approximant
ɭʲ	https://en.wikipedia.org/wiki/IPA_consonant_chart_with_audio	http://upload.wikimedia.org/wikipedia/commons/d/d1/Retroflex_lateral_approximant.ogg	lateral release voiced retroflex lateral-approximant
i.5	https://en.wikipedia.org/wiki/IPA_vowel_chart_with_audio	http://upload.wikimedia.org/wikipedia/commons/9/91/Close_front_unrounded_vowel.ogg	  close front unrounded vowel
ɔɪ	https://en.wikipedia.org/wiki/IPA_vowel_chart_with_audio	http://upload.wikimedia.org/wikipedia/commons/d/d0/PR-open-mid_back_rounded_vowel.ogg http://upload.wikimedia.org/wikipedia/commons/4/4c/Near-close_near-front_unrounded_vowel.ogg	open-mid back rounded vowel near-close near-front unrounded vowel
q	https://en.wikipedia.org/wiki/IPA_consonant_chart_with_audio	http://upload.wikimedia.org/wikipedia/commons/1/19/Voiceless_uvular_plosive.ogg	voiceless uvular plosive
sʲ	https://en.wikipedia.org/wiki/IPA_consonant_chart_with_audio	http://upload.wikimedia.org/wikipedia/commons/a/ac/Voiceless_alveolar_sibilant.ogg	lateral release voiceless alveolar fricative
u5	https://en.wikipedia.org/wiki/IPA_vowel_chart_with_audio	http://upload.wikimedia.org/wikipedia/commons/5/5d/Close_back_rounded_vowel.ogg	 close back rounded vowel
ʊɹ	https://en.wikipedia.org/wiki/IPA_consonant_chart_with_audio	http://upload.wikimedia.org/wikipedia/commons/d/d5/Near-close_near-back_rounded_vowel.ogg http://upload.wikimedia.org/wikipedia/commons/1/1f/Alveolar_approximant.ogg	near-close near-back rounded vowel voiced alveolar approximant
iɜ	https://en.wikipedia.org/wiki/IPA_vowel_chart_with_audio	http://upload.wikimedia.org/wikipedia/commons/9/91/Close_front_unrounded_vowel.ogg http://upload.wikimedia.org/wikipedia/commons/0/01/Open-mid_central_unrounded_vowel.ogg	close front unrounded vowel open-mid central unrounded vowel
a5	https://en.wikipedia.org/wiki/IPA_vowel_chart_with_audio	http://upload.wikimedia.org/wikipedia/commons/6/65/Open_front_unrounded_vowel.ogg	 open front unrounded vowel
iɛ5	https://en.wikipedia.org/wiki/IPA_vowel_chart_with_audio	http://upload.wikimedia.org/wikipedia/commons/9/91/Close_front_unrounded_vowel.ogg http://upload.wikimedia.org/wikipedia/commons/7/71/Open-mid_front_unrounded_vowel.ogg	 close front unrounded vowel open-mid front unrounded vowel
øː	https://en.wikipedia.org/wiki/IPA_vowel_chart_with_audio	http://upload.wikimedia.org/wikipedia/commons/5/53/Close-mid_front_rounded_vowel.ogg	long close-mid front rounded vowel
ʕ	https://en.wikipedia.org/wiki/IPA_consonant_chart_with_audio	http://upload.wikimedia.org/wikipedia/commons/c/cd/Voiced_pharyngeal_fricative.ogg	voiced pharyngeal fricative
ja	https://en.wikipedia.org/wiki/IPA_vowel_chart_with_audio	http://upload.wikimedia.org/wikipedia/commons/e/e8/Palatal_approximant.ogg http://upload.wikimedia.org/wikipedia/commons/6/65/Open_front_unrounded_vowel.ogg	voiced palatal approximant open front unrounded vowel
əɜ	https://en.wikipedia.org/wiki/IPA_vowel_chart_with_audio	http://upload.wikimedia.org/wikipedia/commons/d/d9/Mid-central_vowel.ogg http://upload.wikimedia.org/wikipedia/commons/0/01/Open-mid_central_unrounded_vowel.ogg	schwa open-mid central unrounded vowel
th	https://en.wikipedia.org/wiki/IPA_consonant_chart_with_audio	http://upload.wikimedia.org/wikipedia/commons/0/02/Voiceless_alveolar_plosive.ogg http://upload.wikimedia.org/wikipedia/commons/d/da/Voiceless_glottal_fricative.ogg	voiceless alveolar plosive voiceless glottal fricative
ɑ5	https://en.wikipedia.org/wiki/IPA_vowel_chart_with_audio	http://upload.wikimedia.org/wikipedia/commons/e/e5/Open_back_unrounded_vowel.ogg	 open back unrounded vowel
oɪ	https://en.wikipedia.org/wiki/IPA_vowel_chart_with_audio	http://upload.wikimedia.org/wikipedia/commons/8/84/Close-mid_back_rounded_vowel.ogg http://upload.wikimedia.org/wikipedia/commons/4/4c/Near-close_near-front_unrounded_vowel.ogg	close-mid back rounded vowel near-close near-front unrounded vowel
dʲ	https://en.wikipedia.org/wiki/IPA_consonant_chart_with_audio	http://upload.wikimedia.org/wikipedia/commons/0/01/Voiced_alveolar_plosive.ogg	lateral release voiced alveolar plosive
ə5	https://en.wikipedia.org/wiki/IPA_vowel_chart_with_audio	http://upload.wikimedia.org/wikipedia/commons/d/d9/Mid-central_vowel.ogg	 schwa
tɕh	https://en.wikipedia.org/wiki/IPA_consonant_chart_with_audio	http://upload.wikimedia.org/wikipedia/commons/0/02/Voiceless_alveolar_plosive.ogg http://upload.wikimedia.org/wikipedia/commons/0/0b/Voiceless_alveolo-palatal_sibilant.ogg http://upload.wikimedia.org/wikipedia/commons/d/da/Voiceless_glottal_fricative.ogg	voiceless alveolar plosive voiceless alveolo-palatal fricative voiceless glottal fricative
ts.h	https://en.wikipedia.org/wiki/IPA_consonant_chart_with_audio	http://upload.wikimedia.org/wikipedia/commons/0/02/Voiceless_alveolar_plosive.ogg http://upload.wikimedia.org/wikipedia/commons/a/ac/Voiceless_alveolar_sibilant.ogg http://upload.wikimedia.org/wikipedia/commons/d/da/Voiceless_glottal_fricative.ogg	voiceless alveolar plosive voiceless alveolar fricative voiceless glottal fricative
mʲ	https://en.wikipedia.org/wiki/IPA_consonant_chart_with_audio	http://upload.wikimedia.org/wikipedia/commons/a/a9/Bilabial_nasal.ogg	lateral release voiced bilabial nasal
ɯ	https://en.wikipedia.org/wiki/IPA_vowel_chart_with_audio	http://upload.wikimedia.org/wikipedia/commons/e/e8/Close_back_unrounded_vowel.ogg	close back unrounded vowel
dʑ	https://en.wikipedia.org/wiki/IPA_consonant_chart_with_audio	http://upload.wikimedia.org/wikipedia/commons/a/aa/Voiced_palatal_affricate.ogg	voiced palatal affricate
vʲ	https://en.wikipedia.org/wiki/IPA_consonant_chart_with_audio	http://upload.wikimedia.org/wikipedia/commons/4/42/Voiced_labio-dental_fricative.ogg	lateral release voiced labio-dental fricative
e̞	https://en.wikipedia.org/wiki/IPA_vowel_chart_with_audio	http://upload.wikimedia.org/wikipedia/commons/6/6c/Close-mid_front_unrounded_vowel.ogg	lowered close-mid front unrounded vowel
tʃʲ	https://en.wikipedia.org/wiki/IPA_consonant_chart_with_audio	http://upload.wikimedia.org/wikipedia/commons/9/97/Voiceless_palato-alveolar_affricate.ogg	lateral release voiceless post-alveolar affricate
ei5	https://en.wikipedia.org/wiki/IPA_vowel_chart_with_audio	http://upload.wikimedia.org/wikipedia/commons/6/6c/Close-mid_front_unrounded_vowel.ogg http://upload.wikimedia.org/wikipedia/commons/9/91/Close_front_unrounded_vowel.ogg	 close-mid front unrounded vowel close front unrounded vowel
o5	https://en.wikipedia.org/wiki/IPA_vowel_chart_with_audio	http://upload.wikimedia.org/wikipedia/commons/8/84/Close-mid_back_rounded_vowel.ogg	 close-mid back rounded vowel
onɡ5	https://en.wikipedia.org/wiki/IPA_consonant_chart_with_audio	http://upload.wikimedia.org/wikipedia/commons/8/84/Close-mid_back_rounded_vowel.ogg http://upload.wikimedia.org/wikipedia/commons/2/29/Alveolar_nasal.ogg http://upload.wikimedia.org/wikipedia/commons/1/12/Voiced_velar_plosive_02.ogg	 close-mid back rounded vowel voiced alveolar nasal voiced velar plosive
ɑu5	https://en.wikipedia.org/wiki/IPA_vowel_chart_with_audio	http://upload.wikimedia.org/wikipedia/commons/e/e5/Open_back_unrounded_vowel.ogg http://upload.wikimedia.org/wikipedia/commons/5/5d/Close_back_rounded_vowel.ogg	 open back unrounded vowel close back rounded vowel
iɑ5	https://en.wikipedia.org/wiki/IPA_vowel_chart_with_audio	http://upload.wikimedia.org/wikipedia/commons/9/91/Close_front_unrounded_vowel.ogg http://upload.wikimedia.org/wikipedia/commons/e/e5/Open_back_unrounded_vowel.ogg	 close front unrounded vowel open back unrounded vowel
ai5	https://en.wikipedia.org/wiki/IPA_vowel_chart_with_audio	http://upload.wikimedia.org/wikipedia/commons/6/65/Open_front_unrounded_vowel.ogg http://upload.wikimedia.org/wikipedia/commons/9/91/Close_front_unrounded_vowel.ogg	 open front unrounded vowel close front unrounded vowel
aɪɚ	https://en.wikipedia.org/wiki/IPA_vowel_chart_with_audio	http://upload.wikimedia.org/wikipedia/commons/6/65/Open_front_unrounded_vowel.ogg http://upload.wikimedia.org/wikipedia/commons/4/4c/Near-close_near-front_unrounded_vowel.ogg 	open front unrounded vowel near-close near-front unrounded vowel r-coloured schwa
kh	https://en.wikipedia.org/wiki/IPA_consonant_chart_with_audio	http://upload.wikimedia.org/wikipedia/commons/e/e3/Voiceless_velar_plosive.ogg http://upload.wikimedia.org/wikipedia/commons/d/da/Voiceless_glottal_fricative.ogg	voiceless velar plosive voiceless glottal fricative
ə1	https://en.wikipedia.org/wiki/IPA_vowel_chart_with_audio	http://upload.wikimedia.org/wikipedia/commons/d/d9/Mid-central_vowel.ogg	 schwa
ʐ	https://en.wikipedia.org/wiki/IPA_consonant_chart_with_audio	http://upload.wikimedia.org/wikipedia/commons/a/ac/Voiced_palatal_fricative.ogg	voiced palatal fricative
i2	https://en.wikipedia.org/wiki/IPA_vowel_chart_with_audio	http://upload.wikimedia.org/wikipedia/commons/9/91/Close_front_unrounded_vowel.ogg	 close front unrounded vowel
ʉ	https://en.wikipedia.org/wiki/IPA_vowel_chart_with_audio	http://upload.wikimedia.org/wikipedia/commons/6/66/Close_central_rounded_vowel.ogg	close central rounded vowel
ħ	https://en.wikipedia.org/wiki/IPA_consonant_chart_with_audio	http://upload.wikimedia.org/wikipedia/commons/b/b2/Voiceless_pharyngeal_fricative.ogg	voiceless pharyngeal fricative
t[	https://en.wikipedia.org/wiki/IPA_consonant_chart_with_audio	http://upload.wikimedia.org/wikipedia/commons/0/02/Voiceless_alveolar_plosive.ogg	 voiceless alveolar plosive
aɪə	https://en.wikipedia.org/wiki/IPA_vowel_chart_with_audio	http://upload.wikimedia.org/wikipedia/commons/6/65/Open_front_unrounded_vowel.ogg http://upload.wikimedia.org/wikipedia/commons/4/4c/Near-close_near-front_unrounded_vowel.ogg http://upload.wikimedia.org/wikipedia/commons/d/d9/Mid-central_vowel.ogg	open front unrounded vowel near-close near-front unrounded vowel schwa
ʲ			empty
ju	https://en.wikipedia.org/wiki/IPA_vowel_chart_with_audio	http://upload.wikimedia.org/wikipedia/commons/e/e8/Palatal_approximant.ogg http://upload.wikimedia.org/wikipedia/commons/5/5d/Close_back_rounded_vowel.ogg	voiced palatal approximant close back rounded vowel
ə2	https://en.wikipedia.org/wiki/IPA_vowel_chart_with_audio	http://upload.wikimedia.org/wikipedia/commons/d/d9/Mid-central_vowel.ogg	 schwa
u2	https://en.wikipedia.org/wiki/IPA_vowel_chart_with_audio	http://upload.wikimedia.org/wikipedia/commons/5/5d/Close_back_rounded_vowel.ogg	 close back rounded vowel
oɜ	https://en.wikipedia.org/wiki/IPA_vowel_chart_with_audio	http://upload.wikimedia.org/wikipedia/commons/8/84/Close-mid_back_rounded_vowel.ogg http://upload.wikimedia.org/wikipedia/commons/0/01/Open-mid_central_unrounded_vowel.ogg	close-mid back rounded vowel open-mid central unrounded vowel
pː	https://en.wikipedia.org/wiki/IPA_consonant_chart_with_audio	http://upload.wikimedia.org/wikipedia/commons/5/51/Voiceless_bilabial_plosive.ogg	long voiceless bilabial plosive
iɛɜ	https://en.wikipedia.org/wiki/IPA_vowel_chart_with_audio	http://upload.wikimedia.org/wikipedia/commons/9/91/Close_front_unrounded_vowel.ogg http://upload.wikimedia.org/wikipedia/commons/7/71/Open-mid_front_unrounded_vowel.ogg http://upload.wikimedia.org/wikipedia/commons/0/01/Open-mid_central_unrounded_vowel.ogg	close front unrounded vowel open-mid front unrounded vowel open-mid central unrounded vowel
ou5	https://en.wikipedia.org/wiki/IPA_vowel_chart_with_audio	http://upload.wikimedia.org/wikipedia/commons/8/84/Close-mid_back_rounded_vowel.ogg http://upload.wikimedia.org/wikipedia/commons/5/5d/Close_back_rounded_vowel.ogg	 close-mid back rounded vowel close back rounded vowel
y5	https://en.wikipedia.org/wiki/IPA_vowel_chart_with_audio	http://upload.wikimedia.org/wikipedia/commons/e/ea/Close_front_rounded_vowel.ogg	 close front rounded vowel
uɜ	https://en.wikipedia.org/wiki/IPA_vowel_chart_with_audio	http://upload.wikimedia.org/wikipedia/commons/5/5d/Close_back_rounded_vowel.ogg http://upload.wikimedia.org/wikipedia/commons/0/01/Open-mid_central_unrounded_vowel.ogg	close back rounded vowel open-mid central unrounded vowel
tː	https://en.wikipedia.org/wiki/IPA_consonant_chart_with_audio	http://upload.wikimedia.org/wikipedia/commons/0/02/Voiceless_alveolar_plosive.ogg	long voiceless alveolar plosive
uo5	https://en.wikipedia.org/wiki/IPA_vowel_chart_with_audio	http://upload.wikimedia.org/wikipedia/commons/5/5d/Close_back_rounded_vowel.ogg http://upload.wikimedia.org/wikipedia/commons/8/84/Close-mid_back_rounded_vowel.ogg	 close back rounded vowel close-mid back rounded vowel
d[	https://en.wikipedia.org/wiki/IPA_consonant_chart_with_audio	http://upload.wikimedia.org/wikipedia/commons/0/01/Voiced_alveolar_plosive.ogg	 voiced alveolar plosive
uoɜ	https://en.wikipedia.org/wiki/IPA_vowel_chart_with_audio	http://upload.wikimedia.org/wikipedia/commons/5/5d/Close_back_rounded_vowel.ogg http://upload.wikimedia.org/wikipedia/commons/8/84/Close-mid_back_rounded_vowel.ogg http://upload.wikimedia.org/wikipedia/commons/0/01/Open-mid_central_unrounded_vowel.ogg	close back rounded vowel close-mid back rounded vowel open-mid central unrounded vowel
tsh	https://en.wikipedia.org/wiki/IPA_consonant_chart_with_audio	http://upload.wikimedia.org/wikipedia/commons/0/02/Voiceless_alveolar_plosive.ogg http://upload.wikimedia.org/wikipedia/commons/a/ac/Voiceless_alveolar_sibilant.ogg http://upload.wikimedia.org/wikipedia/commons/d/da/Voiceless_glottal_fricative.ogg	voiceless alveolar plosive voiceless alveolar fricative voiceless glottal fricative
ɑɜ	https://en.wikipedia.org/wiki/IPA_vowel_chart_with_audio	http://upload.wikimedia.org/wikipedia/commons/e/e5/Open_back_unrounded_vowel.ogg http://upload.wikimedia.org/wikipedia/commons/0/01/Open-mid_central_unrounded_vowel.ogg	open back unrounded vowel open-mid central unrounded vowel
ɵ	https://en.wikipedia.org/wiki/IPA_vowel_chart_with_audio	http://upload.wikimedia.org/wikipedia/commons/b/b5/Close-mid_central_rounded_vowel.ogg	close-mid central rounded vowel
i̪5	https://en.wikipedia.org/wiki/IPA_vowel_chart_with_audio	http://upload.wikimedia.org/wikipedia/commons/9/91/Close_front_unrounded_vowel.ogg	 dental close front unrounded vowel
uei5	https://en.wikipedia.org/wiki/IPA_vowel_chart_with_audio	http://upload.wikimedia.org/wikipedia/commons/5/5d/Close_back_rounded_vowel.ogg http://upload.wikimedia.org/wikipedia/commons/6/6c/Close-mid_front_unrounded_vowel.ogg http://upload.wikimedia.org/wikipedia/commons/9/91/Close_front_unrounded_vowel.ogg	 close back rounded vowel close-mid front unrounded vowel close front unrounded vowel
ɟ	https://en.wikipedia.org/wiki/IPA_consonant_chart_with_audio	http://upload.wikimedia.org/wikipedia/commons/1/1d/Voiced_palatal_plosive.ogg	voiced palatal plosive
aɜ	https://en.wikipedia.org/wiki/IPA_vowel_chart_with_audio	http://upload.wikimedia.org/wikipedia/commons/6/65/Open_front_unrounded_vowel.ogg http://upload.wikimedia.org/wikipedia/commons/0/01/Open-mid_central_unrounded_vowel.ogg	open front unrounded vowel open-mid central unrounded vowel
ɑɨ	https://en.wikipedia.org/wiki/IPA_vowel_chart_with_audio	http://upload.wikimedia.org/wikipedia/commons/e/e5/Open_back_unrounded_vowel.ogg http://upload.wikimedia.org/wikipedia/commons/5/53/Close_central_unrounded_vowel.ogg	open back unrounded vowel close central unrounded vowel
i.ɜ	https://en.wikipedia.org/wiki/IPA_vowel_chart_with_audio	http://upload.wikimedia.org/wikipedia/commons/9/91/Close_front_unrounded_vowel.ogg http://upload.wikimedia.org/wikipedia/commons/0/01/Open-mid_central_unrounded_vowel.ogg	close front unrounded vowel open-mid central unrounded vowel
eʊ	https://en.wikipedia.org/wiki/IPA_vowel_chart_with_audio	http://upload.wikimedia.org/wikipedia/commons/6/6c/Close-mid_front_unrounded_vowel.ogg http://upload.wikimedia.org/wikipedia/commons/d/d5/Near-close_near-back_rounded_vowel.ogg	close-mid front unrounded vowel near-close near-back rounded vowel
o2	https://en.wikipedia.org/wiki/IPA_vowel_chart_with_audio	http://upload.wikimedia.org/wikipedia/commons/8/84/Close-mid_back_rounded_vowel.ogg	 close-mid back rounded vowel
ɐ̃	https://en.wikipedia.org/wiki/IPA_vowel_chart_with_audio	http://upload.wikimedia.org/wikipedia/commons/2/22/Near-open_central_unrounded_vowel.ogg	nasalized near-open central unrounded vowel
ä	https://en.wikipedia.org/wiki/IPA_vowel_chart_with_audio	http://upload.wikimedia.org/wikipedia/commons/6/65/Open_front_unrounded_vowel.ogg	centralized open front unrounded vowel
pʲ	https://en.wikipedia.org/wiki/IPA_consonant_chart_with_audio	http://upload.wikimedia.org/wikipedia/commons/5/51/Voiceless_bilabial_plosive.ogg	lateral release voiceless bilabial plosive
kʲ	https://en.wikipedia.org/wiki/IPA_consonant_chart_with_audio	http://upload.wikimedia.org/wikipedia/commons/e/e3/Voiceless_velar_plosive.ogg	lateral release voiceless velar plosive
n̩	https://en.wikipedia.org/wiki/IPA_consonant_chart_with_audio	http://upload.wikimedia.org/wikipedia/commons/2/29/Alveolar_nasal.ogg	 voiced alveolar nasal
ɒ	https://en.wikipedia.org/wiki/IPA_vowel_chart_with_audio	http://upload.wikimedia.org/wikipedia/commons/3/31/PR-open_back_rounded_vowel.ogg	open back rounded vowel
ph	https://en.wikipedia.org/wiki/IPA_consonant_chart_with_audio	http://upload.wikimedia.org/wikipedia/commons/5/51/Voiceless_bilabial_plosive.ogg http://upload.wikimedia.org/wikipedia/commons/d/da/Voiceless_glottal_fricative.ogg	voiceless bilabial plosive voiceless glottal fricative
ɑu2	https://en.wikipedia.org/wiki/IPA_vowel_chart_with_audio	http://upload.wikimedia.org/wikipedia/commons/e/e5/Open_back_unrounded_vowel.ogg http://upload.wikimedia.org/wikipedia/commons/5/5d/Close_back_rounded_vowel.ogg	 open back unrounded vowel close back rounded vowel
uɨ	https://en.wikipedia.org/wiki/IPA_vowel_chart_with_audio	http://upload.wikimedia.org/wikipedia/commons/5/5d/Close_back_rounded_vowel.ogg http://upload.wikimedia.org/wikipedia/commons/5/53/Close_central_unrounded_vowel.ogg	close back rounded vowel close central unrounded vowel
əɪ	https://en.wikipedia.org/wiki/IPA_vowel_chart_with_audio	http://upload.wikimedia.org/wikipedia/commons/d/d9/Mid-central_vowel.ogg http://upload.wikimedia.org/wikipedia/commons/4/4c/Near-close_near-front_unrounded_vowel.ogg	schwa near-close near-front unrounded vowel
ɫ	https://en.wikipedia.org/wiki/IPA_consonant_chart_with_audio	http://upload.wikimedia.org/wikipedia/commons/b/bc/Alveolar_lateral_approximant.ogg	voiced alveolar lateral-approximant
ɬ	https://en.wikipedia.org/wiki/IPA_consonant_chart_with_audio	http://upload.wikimedia.org/wikipedia/commons/c/cd/Voiced_pharyngeal_fricative.ogg	voiceless alveolar lateral fricative
yɜ	https://en.wikipedia.org/wiki/IPA_vowel_chart_with_audio	http://upload.wikimedia.org/wikipedia/commons/e/ea/Close_front_rounded_vowel.ogg http://upload.wikimedia.org/wikipedia/commons/0/01/Open-mid_central_unrounded_vowel.ogg	close front rounded vowel open-mid central unrounded vowel
bʲ	https://en.wikipedia.org/wiki/IPA_consonant_chart_with_audio	http://upload.wikimedia.org/wikipedia/commons/2/2c/Voiced_bilabial_plosive.ogg	lateral release voiced bilabial plosive
ɑ2	https://en.wikipedia.org/wiki/IPA_vowel_chart_with_audio	http://upload.wikimedia.org/wikipedia/commons/e/e5/Open_back_unrounded_vowel.ogg	 open back unrounded vowel
s̪	https://en.wikipedia.org/wiki/IPA_consonant_chart_with_audio	http://upload.wikimedia.org/wikipedia/commons/a/ac/Voiceless_alveolar_sibilant.ogg	dental voiceless alveolar fricative
aiɜ	https://en.wikipedia.org/wiki/IPA_vowel_chart_with_audio	http://upload.wikimedia.org/wikipedia/commons/6/65/Open_front_unrounded_vowel.ogg http://upload.wikimedia.org/wikipedia/commons/9/91/Close_front_unrounded_vowel.ogg http://upload.wikimedia.org/wikipedia/commons/0/01/Open-mid_central_unrounded_vowel.ogg	open front unrounded vowel close front unrounded vowel open-mid central unrounded vowel
χ	https://en.wikipedia.org/wiki/IPA_consonant_chart_with_audio	http://upload.wikimedia.org/wikipedia/commons/c/c8/Voiceless_uvular_fricative.ogg	voiceless uvular fricative
ɐ̃ʊ̃	https://en.wikipedia.org/wiki/IPA_vowel_chart_with_audio	http://upload.wikimedia.org/wikipedia/commons/2/22/Near-open_central_unrounded_vowel.ogg http://upload.wikimedia.org/wikipedia/commons/d/d5/Near-close_near-back_rounded_vowel.ogg	nasalized near-open central unrounded vowel nasalized near-close near-back rounded vowel
1			empty 
ə4	https://en.wikipedia.org/wiki/IPA_vowel_chart_with_audio	http://upload.wikimedia.org/wikipedia/commons/d/d9/Mid-central_vowel.ogg	 schwa
yæɜ	https://en.wikipedia.org/wiki/IPA_vowel_chart_with_audio	http://upload.wikimedia.org/wikipedia/commons/e/ea/Close_front_rounded_vowel.ogg http://upload.wikimedia.org/wikipedia/commons/c/c9/Near-open_front_unrounded_vowel.ogg http://upload.wikimedia.org/wikipedia/commons/0/01/Open-mid_central_unrounded_vowel.ogg	close front rounded vowel near-open front unrounded vowel open-mid central unrounded vowel
a2	https://en.wikipedia.org/wiki/IPA_vowel_chart_with_audio	http://upload.wikimedia.org/wikipedia/commons/6/65/Open_front_unrounded_vowel.ogg	 open front unrounded vowel
ɨː	https://en.wikipedia.org/wiki/IPA_vowel_chart_with_audio	http://upload.wikimedia.org/wikipedia/commons/5/53/Close_central_unrounded_vowel.ogg	long close central unrounded vowel
t̪	https://en.wikipedia.org/wiki/IPA_consonant_chart_with_audio	http://upload.wikimedia.org/wikipedia/commons/0/02/Voiceless_alveolar_plosive.ogg	dental voiceless alveolar plosive
iouɜ	https://en.wikipedia.org/wiki/IPA_vowel_chart_with_audio	http://upload.wikimedia.org/wikipedia/commons/9/91/Close_front_unrounded_vowel.ogg http://upload.wikimedia.org/wikipedia/commons/8/84/Close-mid_back_rounded_vowel.ogg http://upload.wikimedia.org/wikipedia/commons/5/5d/Close_back_rounded_vowel.ogg http://upload.wikimedia.org/wikipedia/commons/0/01/Open-mid_central_unrounded_vowel.ogg	close front unrounded vowel close-mid back rounded vowel close back rounded vowel open-mid central unrounded vowel
ũ	https://en.wikipedia.org/wiki/IPA_vowel_chart_with_audio	http://upload.wikimedia.org/wikipedia/commons/5/5d/Close_back_rounded_vowel.ogg	nasalized close back rounded vowel
onɡɜ	https://en.wikipedia.org/wiki/IPA_vowel_chart_with_audio	http://upload.wikimedia.org/wikipedia/commons/8/84/Close-mid_back_rounded_vowel.ogg http://upload.wikimedia.org/wikipedia/commons/2/29/Alveolar_nasal.ogg http://upload.wikimedia.org/wikipedia/commons/1/12/Voiced_velar_plosive_02.ogg http://upload.wikimedia.org/wikipedia/commons/0/01/Open-mid_central_unrounded_vowel.ogg	close-mid back rounded vowel voiced alveolar nasal voiced velar plosive open-mid central unrounded vowel
aɨ	https://en.wikipedia.org/wiki/IPA_vowel_chart_with_audio	http://upload.wikimedia.org/wikipedia/commons/6/65/Open_front_unrounded_vowel.ogg http://upload.wikimedia.org/wikipedia/commons/5/53/Close_central_unrounded_vowel.ogg	open front unrounded vowel close central unrounded vowel
iɛ2	https://en.wikipedia.org/wiki/IPA_vowel_chart_with_audio	http://upload.wikimedia.org/wikipedia/commons/9/91/Close_front_unrounded_vowel.ogg http://upload.wikimedia.org/wikipedia/commons/7/71/Open-mid_front_unrounded_vowel.ogg	 close front unrounded vowel open-mid front unrounded vowel
ɔɨ	https://en.wikipedia.org/wiki/IPA_vowel_chart_with_audio	http://upload.wikimedia.org/wikipedia/commons/d/d0/PR-open-mid_back_rounded_vowel.ogg http://upload.wikimedia.org/wikipedia/commons/5/53/Close_central_unrounded_vowel.ogg	open-mid back rounded vowel close central unrounded vowel
ɑuɜ	https://en.wikipedia.org/wiki/IPA_vowel_chart_with_audio	http://upload.wikimedia.org/wikipedia/commons/e/e5/Open_back_unrounded_vowel.ogg http://upload.wikimedia.org/wikipedia/commons/5/5d/Close_back_rounded_vowel.ogg http://upload.wikimedia.org/wikipedia/commons/0/01/Open-mid_central_unrounded_vowel.ogg	open back unrounded vowel close back rounded vowel open-mid central unrounded vowel
o̞	https://en.wikipedia.org/wiki/IPA_vowel_chart_with_audio	http://upload.wikimedia.org/wikipedia/commons/8/84/Close-mid_back_rounded_vowel.ogg	lowered close-mid back rounded vowel
ei2	https://en.wikipedia.org/wiki/IPA_vowel_chart_with_audio	http://upload.wikimedia.org/wikipedia/commons/6/6c/Close-mid_front_unrounded_vowel.ogg http://upload.wikimedia.org/wikipedia/commons/9/91/Close_front_unrounded_vowel.ogg	 close-mid front unrounded vowel close front unrounded vowel
iou2	https://en.wikipedia.org/wiki/IPA_vowel_chart_with_audio	http://upload.wikimedia.org/wikipedia/commons/9/91/Close_front_unrounded_vowel.ogg http://upload.wikimedia.org/wikipedia/commons/8/84/Close-mid_back_rounded_vowel.ogg http://upload.wikimedia.org/wikipedia/commons/5/5d/Close_back_rounded_vowel.ogg	 close front unrounded vowel close-mid back rounded vowel close back rounded vowel
c	https://en.wikipedia.org/wiki/IPA_consonant_chart_with_audio	http://upload.wikimedia.org/wikipedia/commons/5/5d/Voiceless_palatal_plosive.ogg	voiceless palatal plosive
kː	https://en.wikipedia.org/wiki/IPA_consonant_chart_with_audio	http://upload.wikimedia.org/wikipedia/commons/e/e3/Voiceless_velar_plosive.ogg	long voiceless velar plosive
y2	https://en.wikipedia.org/wiki/IPA_vowel_chart_with_audio	http://upload.wikimedia.org/wikipedia/commons/e/ea/Close_front_rounded_vowel.ogg	 close front rounded vowel
ɖ	https://en.wikipedia.org/wiki/IPA_consonant_chart_with_audio	http://upload.wikimedia.org/wikipedia/commons/2/27/Voiced_retroflex_stop.oga	voiced retroflex plosive
oe	https://en.wikipedia.org/wiki/IPA_vowel_chart_with_audio	http://upload.wikimedia.org/wikipedia/commons/8/84/Close-mid_back_rounded_vowel.ogg http://upload.wikimedia.org/wikipedia/commons/6/6c/Close-mid_front_unrounded_vowel.ogg	close-mid back rounded vowel close-mid front unrounded vowel
dˤ	https://en.wikipedia.org/wiki/IPA_consonant_chart_with_audio	http://upload.wikimedia.org/wikipedia/commons/0/01/Voiced_alveolar_plosive.ogg	pharyngealized voiced alveolar plosive
yɛɜ	https://en.wikipedia.org/wiki/IPA_vowel_chart_with_audio	http://upload.wikimedia.org/wikipedia/commons/e/ea/Close_front_rounded_vowel.ogg http://upload.wikimedia.org/wikipedia/commons/7/71/Open-mid_front_unrounded_vowel.ogg http://upload.wikimedia.org/wikipedia/commons/0/01/Open-mid_central_unrounded_vowel.ogg	close front rounded vowel open-mid front unrounded vowel open-mid central unrounded vowel
əʊ	https://en.wikipedia.org/wiki/IPA_vowel_chart_with_audio	http://upload.wikimedia.org/wikipedia/commons/d/d9/Mid-central_vowel.ogg http://upload.wikimedia.org/wikipedia/commons/d/d5/Near-close_near-back_rounded_vowel.ogg	schwa near-close near-back rounded vowel
S	https://en.wikipedia.org/wiki/IPA_consonant_chart_with_audio	http://upload.wikimedia.org/wikipedia/commons/a/ac/Voiceless_alveolar_sibilant.ogg	voiceless alveolar fricative
ɡʲ	https://en.wikipedia.org/wiki/IPA_consonant_chart_with_audio	http://upload.wikimedia.org/wikipedia/commons/1/12/Voiced_velar_plosive_02.ogg	lateral release voiced velar plosive
onɡ2	https://en.wikipedia.org/wiki/IPA_consonant_chart_with_audio	http://upload.wikimedia.org/wikipedia/commons/8/84/Close-mid_back_rounded_vowel.ogg http://upload.wikimedia.org/wikipedia/commons/2/29/Alveolar_nasal.ogg http://upload.wikimedia.org/wikipedia/commons/1/12/Voiced_velar_plosive_02.ogg	 close-mid back rounded vowel voiced alveolar nasal voiced velar plosive
"u"""	https://en.wikipedia.org/wiki/IPA_vowel_chart_with_audio	http://upload.wikimedia.org/wikipedia/commons/5/5d/Close_back_rounded_vowel.ogg	centralized close back rounded vowel
eiɜ	https://en.wikipedia.org/wiki/IPA_vowel_chart_with_audio	http://upload.wikimedia.org/wikipedia/commons/6/6c/Close-mid_front_unrounded_vowel.ogg http://upload.wikimedia.org/wikipedia/commons/9/91/Close_front_unrounded_vowel.ogg http://upload.wikimedia.org/wikipedia/commons/0/01/Open-mid_central_unrounded_vowel.ogg	close-mid front unrounded vowel close front unrounded vowel open-mid central unrounded vowel
ʈ	https://en.wikipedia.org/wiki/IPA_consonant_chart_with_audio	http://upload.wikimedia.org/wikipedia/commons/b/b0/Voiceless_retroflex_stop.oga	voiceless retroflex plosive
ɯᵝ	https://en.wikipedia.org/wiki/IPA_vowel_chart_with_audio	http://upload.wikimedia.org/wikipedia/commons/e/e8/Close_back_unrounded_vowel.ogg	compressed close back unrounded vowel
iou5	https://en.wikipedia.org/wiki/IPA_vowel_chart_with_audio	http://upload.wikimedia.org/wikipedia/commons/9/91/Close_front_unrounded_vowel.ogg http://upload.wikimedia.org/wikipedia/commons/8/84/Close-mid_back_rounded_vowel.ogg http://upload.wikimedia.org/wikipedia/commons/5/5d/Close_back_rounded_vowel.ogg	 close front unrounded vowel close-mid back rounded vowel close back rounded vowel
dZ	https://en.wikipedia.org/wiki/IPA_consonant_chart_with_audio	http://upload.wikimedia.org/wikipedia/commons/d/d8/Voiced_alveolar_sibilant_affricate.oga	voiced alveolar affricate
r̝̊	https://en.wikipedia.org/wiki/IPA_consonant_chart_with_audio	http://upload.wikimedia.org/wikipedia/commons/c/ce/Alveolar_trill.ogg	raised voiced alveolar trill
i.2	https://en.wikipedia.org/wiki/IPA_vowel_chart_with_audio	http://upload.wikimedia.org/wikipedia/commons/9/91/Close_front_unrounded_vowel.ogg	  close front unrounded vowel
tS	https://en.wikipedia.org/wiki/IPA_consonant_chart_with_audio	http://upload.wikimedia.org/wikipedia/commons/9/9d/Voiceless_alveolar_sibilant_affricate.oga	voiceless alveolar affricate
s^	https://en.wikipedia.org/wiki/IPA_consonant_chart_with_audio	http://upload.wikimedia.org/wikipedia/commons/a/ac/Voiceless_alveolar_sibilant.ogg	unreleased voiceless alveolar fricative
ʝ	https://en.wikipedia.org/wiki/IPA_consonant_chart_with_audio	http://upload.wikimedia.org/wikipedia/commons/e/e8/Palatal_approximant.ogg	lowered voiced palatal approximant
yə5	https://en.wikipedia.org/wiki/IPA_vowel_chart_with_audio	http://upload.wikimedia.org/wikipedia/commons/e/ea/Close_front_rounded_vowel.ogg http://upload.wikimedia.org/wikipedia/commons/d/d9/Mid-central_vowel.ogg	 close front rounded vowel schwa
iɑɜ	https://en.wikipedia.org/wiki/IPA_vowel_chart_with_audio	http://upload.wikimedia.org/wikipedia/commons/9/91/Close_front_unrounded_vowel.ogg http://upload.wikimedia.org/wikipedia/commons/e/e5/Open_back_unrounded_vowel.ogg http://upload.wikimedia.org/wikipedia/commons/0/01/Open-mid_central_unrounded_vowel.ogg	close front unrounded vowel open back unrounded vowel open-mid central unrounded vowel
uə5	https://en.wikipedia.org/wiki/IPA_vowel_chart_with_audio	http://upload.wikimedia.org/wikipedia/commons/5/5d/Close_back_rounded_vowel.ogg http://upload.wikimedia.org/wikipedia/commons/d/d9/Mid-central_vowel.ogg	 close back rounded vowel schwa
pf	https://en.wikipedia.org/wiki/IPA_consonant_chart_with_audio	http://upload.wikimedia.org/wikipedia/commons/8/83/Voiceless_labiodental_affricate.ogg	voiceless labio-dental affricate
ɨu	https://en.wikipedia.org/wiki/IPA_vowel_chart_with_audio	http://upload.wikimedia.org/wikipedia/commons/5/53/Close_central_unrounded_vowel.ogg http://upload.wikimedia.org/wikipedia/commons/5/5d/Close_back_rounded_vowel.ogg	close central unrounded vowel close back rounded vowel
iɑ2	https://en.wikipedia.org/wiki/IPA_vowel_chart_with_audio	http://upload.wikimedia.org/wikipedia/commons/9/91/Close_front_unrounded_vowel.ogg http://upload.wikimedia.org/wikipedia/commons/e/e5/Open_back_unrounded_vowel.ogg	 close front unrounded vowel open back unrounded vowel
ou2	https://en.wikipedia.org/wiki/IPA_vowel_chart_with_audio	http://upload.wikimedia.org/wikipedia/commons/8/84/Close-mid_back_rounded_vowel.ogg http://upload.wikimedia.org/wikipedia/commons/5/5d/Close_back_rounded_vowel.ogg	 close-mid back rounded vowel close back rounded vowel
ər2	https://en.wikipedia.org/wiki/IPA_consonant_chart_with_audio	http://upload.wikimedia.org/wikipedia/commons/d/d9/Mid-central_vowel.ogg http://upload.wikimedia.org/wikipedia/commons/c/ce/Alveolar_trill.ogg	 schwa voiced alveolar trill
fʲ	https://en.wikipedia.org/wiki/IPA_consonant_chart_with_audio	http://upload.wikimedia.org/wikipedia/commons/c/c7/Voiceless_labio-dental_fricative.ogg		lateral release voiceless labio-dental fricative
ai2	https://en.wikipedia.org/wiki/IPA_vowel_chart_with_audio	http://upload.wikimedia.org/wikipedia/commons/6/65/Open_front_unrounded_vowel.ogg http://upload.wikimedia.org/wikipedia/commons/9/91/Close_front_unrounded_vowel.ogg	 open front unrounded vowel close front unrounded vowel
r̝	https://en.wikipedia.org/wiki/IPA_consonant_chart_with_audio	http://upload.wikimedia.org/wikipedia/commons/c/ce/Alveolar_trill.ogg	raised voiced alveolar trill
uəɜ	https://en.wikipedia.org/wiki/IPA_vowel_chart_with_audio	http://upload.wikimedia.org/wikipedia/commons/5/5d/Close_back_rounded_vowel.ogg http://upload.wikimedia.org/wikipedia/commons/d/d9/Mid-central_vowel.ogg http://upload.wikimedia.org/wikipedia/commons/0/01/Open-mid_central_unrounded_vowel.ogg	close back rounded vowel schwa open-mid central unrounded vowel
ɳ	https://en.wikipedia.org/wiki/IPA_consonant_chart_with_audio	http://upload.wikimedia.org/wikipedia/commons/a/af/Retroflex_nasal.ogg	voiced retroflex nasal
əɨ	https://en.wikipedia.org/wiki/IPA_vowel_chart_with_audio	http://upload.wikimedia.org/wikipedia/commons/d/d9/Mid-central_vowel.ogg http://upload.wikimedia.org/wikipedia/commons/5/53/Close_central_unrounded_vowel.ogg	schwa close central unrounded vowel
ua5	https://en.wikipedia.org/wiki/IPA_vowel_chart_with_audio	http://upload.wikimedia.org/wikipedia/commons/5/5d/Close_back_rounded_vowel.ogg http://upload.wikimedia.org/wikipedia/commons/6/65/Open_front_unrounded_vowel.ogg	 close back rounded vowel open front unrounded vowel
uɪ	https://en.wikipedia.org/wiki/IPA_vowel_chart_with_audio	http://upload.wikimedia.org/wikipedia/commons/5/5d/Close_back_rounded_vowel.ogg http://upload.wikimedia.org/wikipedia/commons/4/4c/Near-close_near-front_unrounded_vowel.ogg	close back rounded vowel near-close near-front unrounded vowel
ɽ	https://en.wikipedia.org/wiki/IPA_consonant_chart_with_audio	http://upload.wikimedia.org/wikipedia/commons/8/87/Retroflex_flap.ogg	voiced retroflex flap
bː	https://en.wikipedia.org/wiki/IPA_consonant_chart_with_audio	http://upload.wikimedia.org/wikipedia/commons/2/2c/Voiced_bilabial_plosive.ogg	long voiced bilabial plosive
yu5	https://en.wikipedia.org/wiki/IPA_vowel_chart_with_audio	http://upload.wikimedia.org/wikipedia/commons/e/ea/Close_front_rounded_vowel.ogg http://upload.wikimedia.org/wikipedia/commons/5/5d/Close_back_rounded_vowel.ogg	 close front rounded vowel close back rounded vowel
uo2	https://en.wikipedia.org/wiki/IPA_vowel_chart_with_audio	http://upload.wikimedia.org/wikipedia/commons/5/5d/Close_back_rounded_vowel.ogg http://upload.wikimedia.org/wikipedia/commons/8/84/Close-mid_back_rounded_vowel.ogg	 close back rounded vowel close-mid back rounded vowel
yɛ5	https://en.wikipedia.org/wiki/IPA_vowel_chart_with_audio	http://upload.wikimedia.org/wikipedia/commons/e/ea/Close_front_rounded_vowel.ogg http://upload.wikimedia.org/wikipedia/commons/7/71/Open-mid_front_unrounded_vowel.ogg	 close front rounded vowel open-mid front unrounded vowel
l̩	https://en.wikipedia.org/wiki/IPA_consonant_chart_with_audio	http://upload.wikimedia.org/wikipedia/commons/b/bc/Alveolar_lateral_approximant.ogg	 voiced alveolar lateral-approximant
ɻ	https://en.wikipedia.org/wiki/IPA_consonant_chart_with_audio	http://upload.wikimedia.org/wikipedia/commons/b/bf/Retroflex_Approximant2.oga	voiced retroflex approximant
ərɜ	https://en.wikipedia.org/wiki/IPA_vowel_chart_with_audio	http://upload.wikimedia.org/wikipedia/commons/d/d9/Mid-central_vowel.ogg http://upload.wikimedia.org/wikipedia/commons/c/ce/Alveolar_trill.ogg http://upload.wikimedia.org/wikipedia/commons/0/01/Open-mid_central_unrounded_vowel.ogg	schwa voiced alveolar trill open-mid central unrounded vowel
ʂ	https://en.wikipedia.org/wiki/IPA_consonant_chart_with_audio	http://upload.wikimedia.org/wikipedia/commons/b/b1/Voiceless_retroflex_sibilant.ogg	voiceless retroflex fricative
i̪2	https://en.wikipedia.org/wiki/IPA_vowel_chart_with_audio	http://upload.wikimedia.org/wikipedia/commons/9/91/Close_front_unrounded_vowel.ogg	 dental close front unrounded vowel
ouɜ	https://en.wikipedia.org/wiki/IPA_vowel_chart_with_audio	http://upload.wikimedia.org/wikipedia/commons/8/84/Close-mid_back_rounded_vowel.ogg http://upload.wikimedia.org/wikipedia/commons/5/5d/Close_back_rounded_vowel.ogg http://upload.wikimedia.org/wikipedia/commons/0/01/Open-mid_central_unrounded_vowel.ogg	close-mid back rounded vowel close back rounded vowel open-mid central unrounded vowel
uaɜ	https://en.wikipedia.org/wiki/IPA_vowel_chart_with_audio	http://upload.wikimedia.org/wikipedia/commons/5/5d/Close_back_rounded_vowel.ogg http://upload.wikimedia.org/wikipedia/commons/6/65/Open_front_unrounded_vowel.ogg http://upload.wikimedia.org/wikipedia/commons/0/01/Open-mid_central_unrounded_vowel.ogg	close back rounded vowel open front unrounded vowel open-mid central unrounded vowel
a.	https://en.wikipedia.org/wiki/IPA_vowel_chart_with_audio	http://upload.wikimedia.org/wikipedia/commons/6/65/Open_front_unrounded_vowel.ogg	 open front unrounded vowel
a.ː	https://en.wikipedia.org/wiki/IPA_vowel_chart_with_audio	http://upload.wikimedia.org/wikipedia/commons/6/65/Open_front_unrounded_vowel.ogg	long  open front unrounded vowel
yæ5	https://en.wikipedia.org/wiki/IPA_vowel_chart_with_audio	http://upload.wikimedia.org/wikipedia/commons/e/ea/Close_front_rounded_vowel.ogg http://upload.wikimedia.org/wikipedia/commons/c/c9/Near-open_front_unrounded_vowel.ogg	 close front rounded vowel near-open front unrounded vowel
dː	https://en.wikipedia.org/wiki/IPA_consonant_chart_with_audio	http://upload.wikimedia.org/wikipedia/commons/0/01/Voiced_alveolar_plosive.ogg	long voiced alveolar plosive
r̩	https://en.wikipedia.org/wiki/IPA_consonant_chart_with_audio	http://upload.wikimedia.org/wikipedia/commons/c/ce/Alveolar_trill.ogg	 voiced alveolar trill
ee	https://en.wikipedia.org/wiki/IPA_vowel_chart_with_audio	http://upload.wikimedia.org/wikipedia/commons/6/6c/Close-mid_front_unrounded_vowel.ogg http://upload.wikimedia.org/wikipedia/commons/6/6c/Close-mid_front_unrounded_vowel.ogg	close-mid front unrounded vowel close-mid front unrounded vowel
ɪu	https://en.wikipedia.org/wiki/IPA_vowel_chart_with_audio	http://upload.wikimedia.org/wikipedia/commons/4/4c/Near-close_near-front_unrounded_vowel.ogg http://upload.wikimedia.org/wikipedia/commons/5/5d/Close_back_rounded_vowel.ogg	near-close near-front unrounded vowel close back rounded vowel
ər5	https://en.wikipedia.org/wiki/IPA_consonant_chart_with_audio	http://upload.wikimedia.org/wikipedia/commons/d/d9/Mid-central_vowel.ogg http://upload.wikimedia.org/wikipedia/commons/c/ce/Alveolar_trill.ogg	 schwa voiced alveolar trill
i̪ɜ	https://en.wikipedia.org/wiki/IPA_vowel_chart_with_audio	http://upload.wikimedia.org/wikipedia/commons/9/91/Close_front_unrounded_vowel.ogg http://upload.wikimedia.org/wikipedia/commons/0/01/Open-mid_central_unrounded_vowel.ogg	close front unrounded vowel open-mid central unrounded vowel
æi	https://en.wikipedia.org/wiki/IPA_vowel_chart_with_audio	http://upload.wikimedia.org/wikipedia/commons/c/c9/Near-open_front_unrounded_vowel.ogg http://upload.wikimedia.org/wikipedia/commons/9/91/Close_front_unrounded_vowel.ogg	near-open front unrounded vowel close front unrounded vowel
u:	https://en.wikipedia.org/wiki/IPA_vowel_chart_with_audio	http://upload.wikimedia.org/wikipedia/commons/5/5d/Close_back_rounded_vowel.ogg	long close back rounded vowel
i.ː	https://en.wikipedia.org/wiki/IPA_vowel_chart_with_audio	http://upload.wikimedia.org/wikipedia/commons/9/91/Close_front_unrounded_vowel.ogg	long  close front unrounded vowel
t^	https://en.wikipedia.org/wiki/IPA_consonant_chart_with_audio	http://upload.wikimedia.org/wikipedia/commons/0/02/Voiceless_alveolar_plosive.ogg	unreleased voiceless alveolar plosive
o1	https://en.wikipedia.org/wiki/IPA_vowel_chart_with_audio	http://upload.wikimedia.org/wikipedia/commons/8/84/Close-mid_back_rounded_vowel.ogg	 close-mid back rounded vowel
ɪ^	https://en.wikipedia.org/wiki/IPA_vowel_chart_with_audio	http://upload.wikimedia.org/wikipedia/commons/4/4c/Near-close_near-front_unrounded_vowel.ogg	unreleased near-close near-front unrounded vowel
ai	https://en.wikipedia.org/wiki/IPA_vowel_chart_with_audio	http://upload.wikimedia.org/wikipedia/commons/6/65/Open_front_unrounded_vowel.ogg http://upload.wikimedia.org/wikipedia/commons/9/91/Close_front_unrounded_vowel.ogg	open front unrounded vowel close front unrounded vowel
ueiɜ	https://en.wikipedia.org/wiki/IPA_vowel_chart_with_audio	http://upload.wikimedia.org/wikipedia/commons/5/5d/Close_back_rounded_vowel.ogg http://upload.wikimedia.org/wikipedia/commons/6/6c/Close-mid_front_unrounded_vowel.ogg http://upload.wikimedia.org/wikipedia/commons/9/91/Close_front_unrounded_vowel.ogg http://upload.wikimedia.org/wikipedia/commons/0/01/Open-mid_central_unrounded_vowel.ogg	close back rounded vowel close-mid front unrounded vowel close front unrounded vowel open-mid central unrounded vowel
æː	https://en.wikipedia.org/wiki/IPA_vowel_chart_with_audio	http://upload.wikimedia.org/wikipedia/commons/c/c9/Near-open_front_unrounded_vowel.ogg	long near-open front unrounded vowel
ɛɪ	https://en.wikipedia.org/wiki/IPA_vowel_chart_with_audio	http://upload.wikimedia.org/wikipedia/commons/7/71/Open-mid_front_unrounded_vowel.ogg http://upload.wikimedia.org/wikipedia/commons/4/4c/Near-close_near-front_unrounded_vowel.ogg	open-mid front unrounded vowel near-close near-front unrounded vowel
eə	https://en.wikipedia.org/wiki/IPA_vowel_chart_with_audio	http://upload.wikimedia.org/wikipedia/commons/6/6c/Close-mid_front_unrounded_vowel.ogg http://upload.wikimedia.org/wikipedia/commons/d/d9/Mid-central_vowel.ogg	close-mid front unrounded vowel schwa
i.	https://en.wikipedia.org/wiki/IPA_vowel_chart_with_audio	http://upload.wikimedia.org/wikipedia/commons/9/91/Close_front_unrounded_vowel.ogg	 close front unrounded vowel
ɴ	https://en.wikipedia.org/wiki/IPA_consonant_chart_with_audio	http://upload.wikimedia.org/wikipedia/commons/3/3e/Uvular_nasal.ogg	voiced uvular nasal
ie	https://en.wikipedia.org/wiki/IPA_vowel_chart_with_audio	http://upload.wikimedia.org/wikipedia/commons/9/91/Close_front_unrounded_vowel.ogg http://upload.wikimedia.org/wikipedia/commons/6/6c/Close-mid_front_unrounded_vowel.ogg	close front unrounded vowel close-mid front unrounded vowel
ua2	https://en.wikipedia.org/wiki/IPA_vowel_chart_with_audio	http://upload.wikimedia.org/wikipedia/commons/5/5d/Close_back_rounded_vowel.ogg http://upload.wikimedia.org/wikipedia/commons/6/65/Open_front_unrounded_vowel.ogg	 close back rounded vowel open front unrounded vowel
ɑ1	https://en.wikipedia.org/wiki/IPA_vowel_chart_with_audio	http://upload.wikimedia.org/wikipedia/commons/e/e5/Open_back_unrounded_vowel.ogg	 open back unrounded vowel
o4	https://en.wikipedia.org/wiki/IPA_vowel_chart_with_audio	http://upload.wikimedia.org/wikipedia/commons/8/84/Close-mid_back_rounded_vowel.ogg	 close-mid back rounded vowel
tʃː	https://en.wikipedia.org/wiki/IPA_consonant_chart_with_audio	http://upload.wikimedia.org/wikipedia/commons/9/97/Voiceless_palato-alveolar_affricate.ogg	long voiceless post-alveolar affricate
o:	https://en.wikipedia.org/wiki/IPA_vowel_chart_with_audio	http://upload.wikimedia.org/wikipedia/commons/8/84/Close-mid_back_rounded_vowel.ogg	long close-mid back rounded vowel
ɑ:	https://en.wikipedia.org/wiki/IPA_vowel_chart_with_audio	http://upload.wikimedia.org/wikipedia/commons/e/e5/Open_back_unrounded_vowel.ogg	long open back unrounded vowel
u1	https://en.wikipedia.org/wiki/IPA_vowel_chart_with_audio	http://upload.wikimedia.org/wikipedia/commons/5/5d/Close_back_rounded_vowel.ogg	 close back rounded vowel
N	https://en.wikipedia.org/wiki/IPA_consonant_chart_with_audio	http://upload.wikimedia.org/wikipedia/commons/2/29/Alveolar_nasal.ogg	voiced alveolar nasal
i̪1	https://en.wikipedia.org/wiki/IPA_vowel_chart_with_audio	http://upload.wikimedia.org/wikipedia/commons/9/91/Close_front_unrounded_vowel.ogg	 dental close front unrounded vowel
au	https://en.wikipedia.org/wiki/IPA_vowel_chart_with_audio	http://upload.wikimedia.org/wikipedia/commons/6/65/Open_front_unrounded_vowel.ogg http://upload.wikimedia.org/wikipedia/commons/5/5d/Close_back_rounded_vowel.ogg	open front unrounded vowel close back rounded vowel
yæ2	https://en.wikipedia.org/wiki/IPA_vowel_chart_with_audio	http://upload.wikimedia.org/wikipedia/commons/e/ea/Close_front_rounded_vowel.ogg http://upload.wikimedia.org/wikipedia/commons/c/c9/Near-open_front_unrounded_vowel.ogg	 close front rounded vowel near-open front unrounded vowel
u.	https://en.wikipedia.org/wiki/IPA_vowel_chart_with_audio	http://upload.wikimedia.org/wikipedia/commons/5/5d/Close_back_rounded_vowel.ogg	 close back rounded vowel
qː	https://en.wikipedia.org/wiki/IPA_consonant_chart_with_audio	http://upload.wikimedia.org/wikipedia/commons/1/19/Voiceless_uvular_plosive.ogg	long voiceless uvular plosive
yəɜ	https://en.wikipedia.org/wiki/IPA_vowel_chart_with_audio	http://upload.wikimedia.org/wikipedia/commons/e/ea/Close_front_rounded_vowel.ogg http://upload.wikimedia.org/wikipedia/commons/d/d9/Mid-central_vowel.ogg http://upload.wikimedia.org/wikipedia/commons/0/01/Open-mid_central_unrounded_vowel.ogg	close front rounded vowel schwa open-mid central unrounded vowel
y:	https://en.wikipedia.org/wiki/IPA_vowel_chart_with_audio	http://upload.wikimedia.org/wikipedia/commons/e/ea/Close_front_rounded_vowel.ogg	long close front rounded vowel
kʰ	https://en.wikipedia.org/wiki/IPA_consonant_chart_with_audio	http://upload.wikimedia.org/wikipedia/commons/e/e3/Voiceless_velar_plosive.ogg	nasal release voiceless velar plosive
tʃʰ	https://en.wikipedia.org/wiki/IPA_consonant_chart_with_audio	http://upload.wikimedia.org/wikipedia/commons/9/97/Voiceless_palato-alveolar_affricate.ogg	nasal release voiceless post-alveolar affricate
iʊ	https://en.wikipedia.org/wiki/IPA_vowel_chart_with_audio	http://upload.wikimedia.org/wikipedia/commons/9/91/Close_front_unrounded_vowel.ogg http://upload.wikimedia.org/wikipedia/commons/d/d5/Near-close_near-back_rounded_vowel.ogg	close front unrounded vowel near-close near-back rounded vowel
sx	https://en.wikipedia.org/wiki/IPA_consonant_chart_with_audio	http://upload.wikimedia.org/wikipedia/commons/a/ac/Voiceless_alveolar_sibilant.ogg http://upload.wikimedia.org/wikipedia/commons/0/0f/Voiceless_velar_fricative.ogg	voiceless alveolar fricative voiceless velar fricative
õ	https://en.wikipedia.org/wiki/IPA_vowel_chart_with_audio	http://upload.wikimedia.org/wikipedia/commons/8/84/Close-mid_back_rounded_vowel.ogg	nasalized close-mid back rounded vowel
uo	https://en.wikipedia.org/wiki/IPA_vowel_chart_with_audio	http://upload.wikimedia.org/wikipedia/commons/5/5d/Close_back_rounded_vowel.ogg http://upload.wikimedia.org/wikipedia/commons/8/84/Close-mid_back_rounded_vowel.ogg	close back rounded vowel close-mid back rounded vowel
tʰ	https://en.wikipedia.org/wiki/IPA_consonant_chart_with_audio	http://upload.wikimedia.org/wikipedia/commons/0/02/Voiceless_alveolar_plosive.ogg	nasal release voiceless alveolar plosive
uai5	https://en.wikipedia.org/wiki/IPA_vowel_chart_with_audio	http://upload.wikimedia.org/wikipedia/commons/5/5d/Close_back_rounded_vowel.ogg http://upload.wikimedia.org/wikipedia/commons/6/65/Open_front_unrounded_vowel.ogg http://upload.wikimedia.org/wikipedia/commons/9/91/Close_front_unrounded_vowel.ogg	 close back rounded vowel open front unrounded vowel close front unrounded vowel
bʰ	https://en.wikipedia.org/wiki/IPA_consonant_chart_with_audio	http://upload.wikimedia.org/wikipedia/commons/2/2c/Voiced_bilabial_plosive.ogg	nasal release voiced bilabial plosive
u.ː	https://en.wikipedia.org/wiki/IPA_vowel_chart_with_audio	http://upload.wikimedia.org/wikipedia/commons/5/5d/Close_back_rounded_vowel.ogg	long  close back rounded vowel
uə2	https://en.wikipedia.org/wiki/IPA_vowel_chart_with_audio	http://upload.wikimedia.org/wikipedia/commons/5/5d/Close_back_rounded_vowel.ogg http://upload.wikimedia.org/wikipedia/commons/d/d9/Mid-central_vowel.ogg	 close back rounded vowel schwa
ʊə	https://en.wikipedia.org/wiki/IPA_vowel_chart_with_audio	http://upload.wikimedia.org/wikipedia/commons/d/d5/Near-close_near-back_rounded_vowel.ogg http://upload.wikimedia.org/wikipedia/commons/d/d9/Mid-central_vowel.ogg	near-close near-back rounded vowel schwa
d^	https://en.wikipedia.org/wiki/IPA_consonant_chart_with_audio	http://upload.wikimedia.org/wikipedia/commons/0/01/Voiced_alveolar_plosive.ogg	unreleased voiced alveolar plosive
s̪ː	https://en.wikipedia.org/wiki/IPA_consonant_chart_with_audio	http://upload.wikimedia.org/wikipedia/commons/a/ac/Voiceless_alveolar_sibilant.ogg	long dental voiceless alveolar fricative
yiɜ	https://en.wikipedia.org/wiki/IPA_vowel_chart_with_audio	http://upload.wikimedia.org/wikipedia/commons/e/ea/Close_front_rounded_vowel.ogg http://upload.wikimedia.org/wikipedia/commons/9/91/Close_front_unrounded_vowel.ogg http://upload.wikimedia.org/wikipedia/commons/0/01/Open-mid_central_unrounded_vowel.ogg	close front rounded vowel close front unrounded vowel open-mid central unrounded vowel
dʰ	https://en.wikipedia.org/wiki/IPA_consonant_chart_with_audio	http://upload.wikimedia.org/wikipedia/commons/0/01/Voiced_alveolar_plosive.ogg	nasal release voiced alveolar plosive
r.	https://en.wikipedia.org/wiki/IPA_consonant_chart_with_audio	http://upload.wikimedia.org/wikipedia/commons/c/ce/Alveolar_trill.ogg	 voiced alveolar trill
oe:	https://en.wikipedia.org/wiki/IPA_vowel_chart_with_audio	http://upload.wikimedia.org/wikipedia/commons/8/84/Close-mid_back_rounded_vowel.ogg http://upload.wikimedia.org/wikipedia/commons/6/6c/Close-mid_front_unrounded_vowel.ogg	close-mid back rounded vowel close-mid front unrounded vowel
i1	https://en.wikipedia.org/wiki/IPA_vowel_chart_with_audio	http://upload.wikimedia.org/wikipedia/commons/9/91/Close_front_unrounded_vowel.ogg	 close front unrounded vowel
ɟː	https://en.wikipedia.org/wiki/IPA_consonant_chart_with_audio	http://upload.wikimedia.org/wikipedia/commons/1/1d/Voiced_palatal_plosive.ogg	long voiced palatal plosive
yu2	https://en.wikipedia.org/wiki/IPA_vowel_chart_with_audio	http://upload.wikimedia.org/wikipedia/commons/e/ea/Close_front_rounded_vowel.ogg http://upload.wikimedia.org/wikipedia/commons/5/5d/Close_back_rounded_vowel.ogg	 close front rounded vowel close back rounded vowel
nʲʲ	https://en.wikipedia.org/wiki/IPA_consonant_chart_with_audio	http://upload.wikimedia.org/wikipedia/commons/2/29/Alveolar_nasal.ogg	lateral release lateral release voiced alveolar nasal
i̪4	https://en.wikipedia.org/wiki/IPA_vowel_chart_with_audio	http://upload.wikimedia.org/wikipedia/commons/9/91/Close_front_unrounded_vowel.ogg	 dental close front unrounded vowel
uei2	https://en.wikipedia.org/wiki/IPA_vowel_chart_with_audio	http://upload.wikimedia.org/wikipedia/commons/5/5d/Close_back_rounded_vowel.ogg http://upload.wikimedia.org/wikipedia/commons/6/6c/Close-mid_front_unrounded_vowel.ogg http://upload.wikimedia.org/wikipedia/commons/9/91/Close_front_unrounded_vowel.ogg	 close back rounded vowel close-mid front unrounded vowel close front unrounded vowel
tsʲ	https://en.wikipedia.org/wiki/IPA_consonant_chart_with_audio	http://upload.wikimedia.org/wikipedia/commons/9/9d/Voiceless_alveolar_sibilant_affricate.oga	lateral release voiceless alveolar affricate
ɸ	https://en.wikipedia.org/wiki/IPA_consonant_chart_with_audio	http://upload.wikimedia.org/wikipedia/commons/4/41/Voiceless_bilabial_fricative.ogg	voiceless bilabial fricative
ĩ	https://en.wikipedia.org/wiki/IPA_vowel_chart_with_audio	http://upload.wikimedia.org/wikipedia/commons/9/91/Close_front_unrounded_vowel.ogg	nasalized close front unrounded vowel
ɑ4	https://en.wikipedia.org/wiki/IPA_vowel_chart_with_audio	http://upload.wikimedia.org/wikipedia/commons/e/e5/Open_back_unrounded_vowel.ogg	 open back unrounded vowel
t̪ː	https://en.wikipedia.org/wiki/IPA_consonant_chart_with_audio	http://upload.wikimedia.org/wikipedia/commons/0/02/Voiceless_alveolar_plosive.ogg	long dental voiceless alveolar plosive
eɑ	https://en.wikipedia.org/wiki/IPA_vowel_chart_with_audio	http://upload.wikimedia.org/wikipedia/commons/6/6c/Close-mid_front_unrounded_vowel.ogg http://upload.wikimedia.org/wikipedia/commons/e/e5/Open_back_unrounded_vowel.ogg	close-mid front unrounded vowel open back unrounded vowel
u4	https://en.wikipedia.org/wiki/IPA_vowel_chart_with_audio	http://upload.wikimedia.org/wikipedia/commons/5/5d/Close_back_rounded_vowel.ogg	 close back rounded vowel
e:	https://en.wikipedia.org/wiki/IPA_vowel_chart_with_audio	http://upload.wikimedia.org/wikipedia/commons/6/6c/Close-mid_front_unrounded_vowel.ogg	long close-mid front unrounded vowel
tsː	https://en.wikipedia.org/wiki/IPA_consonant_chart_with_audio	http://upload.wikimedia.org/wikipedia/commons/9/9d/Voiceless_alveolar_sibilant_affricate.oga	long voiceless alveolar affricate
ʈʰ	https://en.wikipedia.org/wiki/IPA_consonant_chart_with_audio	http://upload.wikimedia.org/wikipedia/commons/2/27/Voiced_retroflex_stop.oga	nasal release voiceless retroflex plosive
ɡʰ	https://en.wikipedia.org/wiki/IPA_consonant_chart_with_audio	http://upload.wikimedia.org/wikipedia/commons/1/12/Voiced_velar_plosive_02.ogg	nasal release voiced velar plosive
ɯɯ	https://en.wikipedia.org/wiki/IPA_vowel_chart_with_audio	http://upload.wikimedia.org/wikipedia/commons/e/e8/Close_back_unrounded_vowel.ogg http://upload.wikimedia.org/wikipedia/commons/e/e8/Close_back_unrounded_vowel.ogg	close back unrounded vowel close back unrounded vowel
dʒʲ	https://en.wikipedia.org/wiki/IPA_consonant_chart_with_audio	http://upload.wikimedia.org/wikipedia/commons/e/e6/Voiced_palato-alveolar_affricate.ogg	lateral release voiced post-alveolar affricate
ʂʲ	https://en.wikipedia.org/wiki/IPA_consonant_chart_with_audio	http://upload.wikimedia.org/wikipedia/commons/b/b1/Voiceless_retroflex_sibilant.ogg	lateral release voiceless retroflex fricative
X	https://en.wikipedia.org/wiki/IPA_consonant_chart_with_audio	http://upload.wikimedia.org/wikipedia/commons/0/0f/Voiceless_velar_fricative.ogg	voiceless velar fricative
ɵː	https://en.wikipedia.org/wiki/IPA_vowel_chart_with_audio	http://upload.wikimedia.org/wikipedia/commons/b/b5/Close-mid_central_rounded_vowel.ogg	long close-mid central rounded vowel
uaiɜ	https://en.wikipedia.org/wiki/IPA_vowel_chart_with_audio	http://upload.wikimedia.org/wikipedia/commons/5/5d/Close_back_rounded_vowel.ogg http://upload.wikimedia.org/wikipedia/commons/6/65/Open_front_unrounded_vowel.ogg http://upload.wikimedia.org/wikipedia/commons/9/91/Close_front_unrounded_vowel.ogg http://upload.wikimedia.org/wikipedia/commons/0/01/Open-mid_central_unrounded_vowel.ogg	close back rounded vowel open front unrounded vowel close front unrounded vowel open-mid central unrounded vowel
tɕʲ	https://en.wikipedia.org/wiki/IPA_consonant_chart_with_audio	http://upload.wikimedia.org/wikipedia/commons/f/fd/Voiceless_palatal_affricate.ogg	lateral release voiceless palatal affricate
ã	https://en.wikipedia.org/wiki/IPA_vowel_chart_with_audio	http://upload.wikimedia.org/wikipedia/commons/6/65/Open_front_unrounded_vowel.ogg	nasalized open front unrounded vowel
t^ː	https://en.wikipedia.org/wiki/IPA_consonant_chart_with_audio	http://upload.wikimedia.org/wikipedia/commons/0/02/Voiceless_alveolar_plosive.ogg	long unreleased voiceless alveolar plosive
ẽː	https://en.wikipedia.org/wiki/IPA_vowel_chart_with_audio	http://upload.wikimedia.org/wikipedia/commons/6/6c/Close-mid_front_unrounded_vowel.ogg	long nasalized close-mid front unrounded vowel
yɛ2	https://en.wikipedia.org/wiki/IPA_vowel_chart_with_audio	http://upload.wikimedia.org/wikipedia/commons/e/ea/Close_front_rounded_vowel.ogg http://upload.wikimedia.org/wikipedia/commons/7/71/Open-mid_front_unrounded_vowel.ogg	 close front rounded vowel open-mid front unrounded vowel
cː	https://en.wikipedia.org/wiki/IPA_consonant_chart_with_audio	http://upload.wikimedia.org/wikipedia/commons/5/5d/Voiceless_palatal_plosive.ogg	long voiceless palatal plosive
i.1	https://en.wikipedia.org/wiki/IPA_vowel_chart_with_audio	http://upload.wikimedia.org/wikipedia/commons/9/91/Close_front_unrounded_vowel.ogg	  close front unrounded vowel
ɛʊ	https://en.wikipedia.org/wiki/IPA_vowel_chart_with_audio	http://upload.wikimedia.org/wikipedia/commons/7/71/Open-mid_front_unrounded_vowel.ogg http://upload.wikimedia.org/wikipedia/commons/d/d5/Near-close_near-back_rounded_vowel.ogg	open-mid front unrounded vowel near-close near-back rounded vowel
dˤdˤ	https://en.wikipedia.org/wiki/IPA_consonant_chart_with_audio	http://upload.wikimedia.org/wikipedia/commons/0/01/Voiced_alveolar_plosive.ogg http://upload.wikimedia.org/wikipedia/commons/0/01/Voiced_alveolar_plosive.ogg	pharyngealized voiced alveolar plosive pharyngealized voiced alveolar plosive
dʒː	https://en.wikipedia.org/wiki/IPA_consonant_chart_with_audio	http://upload.wikimedia.org/wikipedia/commons/e/e6/Voiced_palato-alveolar_affricate.ogg	long voiced post-alveolar affricate
i4	https://en.wikipedia.org/wiki/IPA_vowel_chart_with_audio	http://upload.wikimedia.org/wikipedia/commons/9/91/Close_front_unrounded_vowel.ogg	 close front unrounded vowel
ɡː	https://en.wikipedia.org/wiki/IPA_consonant_chart_with_audio	http://upload.wikimedia.org/wikipedia/commons/1/12/Voiced_velar_plosive_02.ogg	long voiced velar plosive
yi	https://en.wikipedia.org/wiki/IPA_vowel_chart_with_audio	http://upload.wikimedia.org/wikipedia/commons/e/ea/Close_front_rounded_vowel.ogg http://upload.wikimedia.org/wikipedia/commons/9/91/Close_front_unrounded_vowel.ogg	close front rounded vowel close front unrounded vowel
ɕʲ	https://en.wikipedia.org/wiki/IPA_consonant_chart_with_audio	http://upload.wikimedia.org/wikipedia/commons/0/0b/Voiceless_alveolo-palatal_sibilant.ogg	lateral release voiceless alveolo-palatal fricative
ɟʰ	https://en.wikipedia.org/wiki/IPA_consonant_chart_with_audio	http://upload.wikimedia.org/wikipedia/commons/1/1d/Voiced_palatal_plosive.ogg	nasal release voiced palatal plosive
pʰ	https://en.wikipedia.org/wiki/IPA_consonant_chart_with_audio	http://upload.wikimedia.org/wikipedia/commons/5/51/Voiceless_bilabial_plosive.ogg	nasal release voiceless bilabial plosive
dʑʲ	https://en.wikipedia.org/wiki/IPA_consonant_chart_with_audio	http://upload.wikimedia.org/wikipedia/commons/a/aa/Voiced_palatal_affricate.ogg	lateral release voiced palatal affricate
yuɜ	https://en.wikipedia.org/wiki/IPA_vowel_chart_with_audio	http://upload.wikimedia.org/wikipedia/commons/e/ea/Close_front_rounded_vowel.ogg http://upload.wikimedia.org/wikipedia/commons/5/5d/Close_back_rounded_vowel.ogg http://upload.wikimedia.org/wikipedia/commons/0/01/Open-mid_central_unrounded_vowel.ogg	close front rounded vowel close back rounded vowel open-mid central unrounded vowel
ua1	https://en.wikipedia.org/wiki/IPA_vowel_chart_with_audio	http://upload.wikimedia.org/wikipedia/commons/5/5d/Close_back_rounded_vowel.ogg http://upload.wikimedia.org/wikipedia/commons/6/65/Open_front_unrounded_vowel.ogg	 close back rounded vowel open front unrounded vowel
ua4	https://en.wikipedia.org/wiki/IPA_vowel_chart_with_audio	http://upload.wikimedia.org/wikipedia/commons/5/5d/Close_back_rounded_vowel.ogg http://upload.wikimedia.org/wikipedia/commons/6/65/Open_front_unrounded_vowel.ogg	 close back rounded vowel open front unrounded vowel
æiː	https://en.wikipedia.org/wiki/IPA_vowel_chart_with_audio	http://upload.wikimedia.org/wikipedia/commons/c/c9/Near-open_front_unrounded_vowel.ogg http://upload.wikimedia.org/wikipedia/commons/9/91/Close_front_unrounded_vowel.ogg	long near-open front unrounded vowel close front unrounded vowel
ɐɐ	https://en.wikipedia.org/wiki/IPA_vowel_chart_with_audio	http://upload.wikimedia.org/wikipedia/commons/2/22/Near-open_central_unrounded_vowel.ogg http://upload.wikimedia.org/wikipedia/commons/2/22/Near-open_central_unrounded_vowel.ogg	near-open central unrounded vowel near-open central unrounded vowel
ui	https://en.wikipedia.org/wiki/IPA_vowel_chart_with_audio	http://upload.wikimedia.org/wikipedia/commons/5/5d/Close_back_rounded_vowel.ogg http://upload.wikimedia.org/wikipedia/commons/9/91/Close_front_unrounded_vowel.ogg	close back rounded vowel close front unrounded vowel
iou1	https://en.wikipedia.org/wiki/IPA_vowel_chart_with_audio	http://upload.wikimedia.org/wikipedia/commons/9/91/Close_front_unrounded_vowel.ogg http://upload.wikimedia.org/wikipedia/commons/8/84/Close-mid_back_rounded_vowel.ogg http://upload.wikimedia.org/wikipedia/commons/5/5d/Close_back_rounded_vowel.ogg	 close front unrounded vowel close-mid back rounded vowel close back rounded vowel
ʊː	https://en.wikipedia.org/wiki/IPA_vowel_chart_with_audio	http://upload.wikimedia.org/wikipedia/commons/d/d5/Near-close_near-back_rounded_vowel.ogg	long near-close near-back rounded vowel
a1	https://en.wikipedia.org/wiki/IPA_vowel_chart_with_audio	http://upload.wikimedia.org/wikipedia/commons/6/65/Open_front_unrounded_vowel.ogg	 open front unrounded vowel
iou4	https://en.wikipedia.org/wiki/IPA_vowel_chart_with_audio	http://upload.wikimedia.org/wikipedia/commons/9/91/Close_front_unrounded_vowel.ogg http://upload.wikimedia.org/wikipedia/commons/8/84/Close-mid_back_rounded_vowel.ogg http://upload.wikimedia.org/wikipedia/commons/5/5d/Close_back_rounded_vowel.ogg	 close front unrounded vowel close-mid back rounded vowel close back rounded vowel
cʰ	https://en.wikipedia.org/wiki/IPA_consonant_chart_with_audio	http://upload.wikimedia.org/wikipedia/commons/5/5d/Voiceless_palatal_plosive.ogg	nasal release voiceless palatal plosive
iɛ1	https://en.wikipedia.org/wiki/IPA_vowel_chart_with_audio	http://upload.wikimedia.org/wikipedia/commons/9/91/Close_front_unrounded_vowel.ogg http://upload.wikimedia.org/wikipedia/commons/7/71/Open-mid_front_unrounded_vowel.ogg	 close front unrounded vowel open-mid front unrounded vowel
yə2	https://en.wikipedia.org/wiki/IPA_vowel_chart_with_audio	http://upload.wikimedia.org/wikipedia/commons/e/ea/Close_front_rounded_vowel.ogg http://upload.wikimedia.org/wikipedia/commons/d/d9/Mid-central_vowel.ogg	 close front rounded vowel schwa
ɖʰ	https://en.wikipedia.org/wiki/IPA_consonant_chart_with_audio	http://upload.wikimedia.org/wikipedia/commons/2/27/Voiced_retroflex_stop.oga	nasal release voiced retroflex plosive
ẽ	https://en.wikipedia.org/wiki/IPA_vowel_chart_with_audio	http://upload.wikimedia.org/wikipedia/commons/6/6c/Close-mid_front_unrounded_vowel.ogg	nasalized close-mid front unrounded vowel
ʒʲ	https://en.wikipedia.org/wiki/IPA_consonant_chart_with_audio	http://upload.wikimedia.org/wikipedia/commons/3/30/Voiced_palato-alveolar_sibilant.ogg	lateral release voiced post-alveolar fricative
ää	https://en.wikipedia.org/wiki/IPA_vowel_chart_with_audio	http://upload.wikimedia.org/wikipedia/commons/6/65/Open_front_unrounded_vowel.ogg http://upload.wikimedia.org/wikipedia/commons/6/65/Open_front_unrounded_vowel.ogg	centralized open front unrounded vowel centralized open front unrounded vowel
ər4	https://en.wikipedia.org/wiki/IPA_consonant_chart_with_audio	http://upload.wikimedia.org/wikipedia/commons/d/d9/Mid-central_vowel.ogg http://upload.wikimedia.org/wikipedia/commons/c/ce/Alveolar_trill.ogg	 schwa voiced alveolar trill
iːː	https://en.wikipedia.org/wiki/IPA_vowel_chart_with_audio	http://upload.wikimedia.org/wikipedia/commons/9/91/Close_front_unrounded_vowel.ogg	long long close front unrounded vowel
ɪː	https://en.wikipedia.org/wiki/IPA_vowel_chart_with_audio	http://upload.wikimedia.org/wikipedia/commons/4/4c/Near-close_near-front_unrounded_vowel.ogg	long near-close near-front unrounded vowel
iɑ1	https://en.wikipedia.org/wiki/IPA_vowel_chart_with_audio	http://upload.wikimedia.org/wikipedia/commons/9/91/Close_front_unrounded_vowel.ogg http://upload.wikimedia.org/wikipedia/commons/e/e5/Open_back_unrounded_vowel.ogg	 close front unrounded vowel open back unrounded vowel
ər1	https://en.wikipedia.org/wiki/IPA_consonant_chart_with_audio	http://upload.wikimedia.org/wikipedia/commons/d/d9/Mid-central_vowel.ogg http://upload.wikimedia.org/wikipedia/commons/c/ce/Alveolar_trill.ogg	 schwa voiced alveolar trill
œː	https://en.wikipedia.org/wiki/IPA_vowel_chart_with_audio	http://upload.wikimedia.org/wikipedia/commons/9/9f/Open-mid_front_rounded_vowel_%282%29.ogg	long open-mid front rounded vowel
øi	https://en.wikipedia.org/wiki/IPA_vowel_chart_with_audio	http://upload.wikimedia.org/wikipedia/commons/5/53/Close-mid_front_rounded_vowel.ogg http://upload.wikimedia.org/wikipedia/commons/9/91/Close_front_unrounded_vowel.ogg	close-mid front rounded vowel close front unrounded vowel
ɪuː	https://en.wikipedia.org/wiki/IPA_vowel_chart_with_audio	http://upload.wikimedia.org/wikipedia/commons/4/4c/Near-close_near-front_unrounded_vowel.ogg http://upload.wikimedia.org/wikipedia/commons/5/5d/Close_back_rounded_vowel.ogg	long near-close near-front unrounded vowel close back rounded vowel
cʰcʰ	https://en.wikipedia.org/wiki/IPA_consonant_chart_with_audio	http://upload.wikimedia.org/wikipedia/commons/5/5d/Voiceless_palatal_plosive.ogg http://upload.wikimedia.org/wikipedia/commons/5/5d/Voiceless_palatal_plosive.ogg	nasal release voiceless palatal plosive nasal release voiceless palatal plosive
əː1	https://en.wikipedia.org/wiki/IPA_vowel_chart_with_audio	http://upload.wikimedia.org/wikipedia/commons/d/d9/Mid-central_vowel.ogg	 long schwa
iː1	https://en.wikipedia.org/wiki/IPA_vowel_chart_with_audio	http://upload.wikimedia.org/wikipedia/commons/9/91/Close_front_unrounded_vowel.ogg	 long close front unrounded vowel
ũ	https://en.wikipedia.org/wiki/IPA_vowel_chart_with_audio	http://upload.wikimedia.org/wikipedia/commons/5/5d/Close_back_rounded_vowel.ogg	nasalized close back rounded vowel
kʰː	https://en.wikipedia.org/wiki/IPA_consonant_chart_with_audio	http://upload.wikimedia.org/wikipedia/commons/e/e3/Voiceless_velar_plosive.ogg	long nasal release voiceless velar plosive
o̞o̞	https://en.wikipedia.org/wiki/IPA_vowel_chart_with_audio	http://upload.wikimedia.org/wikipedia/commons/8/84/Close-mid_back_rounded_vowel.ogg http://upload.wikimedia.org/wikipedia/commons/8/84/Close-mid_back_rounded_vowel.ogg	close-mid back rounded vowel close-mid back rounded vowel
xʲ	https://en.wikipedia.org/wiki/IPA_consonant_chart_with_audio	http://upload.wikimedia.org/wikipedia/commons/0/0f/Voiceless_velar_fricative.ogg	lateral release voiceless velar fricative
ou1	https://en.wikipedia.org/wiki/IPA_vowel_chart_with_audio	http://upload.wikimedia.org/wikipedia/commons/8/84/Close-mid_back_rounded_vowel.ogg http://upload.wikimedia.org/wikipedia/commons/5/5d/Close_back_rounded_vowel.ogg	 close-mid back rounded vowel close back rounded vowel
iɛ4	https://en.wikipedia.org/wiki/IPA_vowel_chart_with_audio	http://upload.wikimedia.org/wikipedia/commons/9/91/Close_front_unrounded_vowel.ogg http://upload.wikimedia.org/wikipedia/commons/7/71/Open-mid_front_unrounded_vowel.ogg	 close front unrounded vowel open-mid front unrounded vowel
e̞e̞	https://en.wikipedia.org/wiki/IPA_vowel_chart_with_audio	http://upload.wikimedia.org/wikipedia/commons/6/6c/Close-mid_front_unrounded_vowel.ogg http://upload.wikimedia.org/wikipedia/commons/6/6c/Close-mid_front_unrounded_vowel.ogg	close-mid front unrounded vowel close-mid front unrounded vowel
y1	https://en.wikipedia.org/wiki/IPA_vowel_chart_with_audio	http://upload.wikimedia.org/wikipedia/commons/e/ea/Close_front_rounded_vowel.ogg	 close front rounded vowel
dzː	https://en.wikipedia.org/wiki/IPA_consonant_chart_with_audio	http://upload.wikimedia.org/wikipedia/commons/d/d8/Voiced_alveolar_sibilant_affricate.oga	long voiced alveolar affricate
dʲʲ	https://en.wikipedia.org/wiki/IPA_consonant_chart_with_audio	http://upload.wikimedia.org/wikipedia/commons/0/01/Voiced_alveolar_plosive.ogg	lateral release lateral release voiced alveolar plosive
dʰː	https://en.wikipedia.org/wiki/IPA_consonant_chart_with_audio	http://upload.wikimedia.org/wikipedia/commons/0/01/Voiced_alveolar_plosive.ogg	long nasal release voiced alveolar plosive
ɯᵝɯᵝ	https://en.wikipedia.org/wiki/IPA_vowel_chart_with_audio	http://upload.wikimedia.org/wikipedia/commons/e/e8/Close_back_unrounded_vowel.ogg http://upload.wikimedia.org/wikipedia/commons/e/e8/Close_back_unrounded_vowel.ogg	compressed close back unrounded vowel compressed close back unrounded vowel
lː	https://en.wikipedia.org/wiki/IPA_consonant_chart_with_audio	http://upload.wikimedia.org/wikipedia/commons/b/bc/Alveolar_lateral_approximant.ogg	long voiced alveolar lateral-approximant
uo1	https://en.wikipedia.org/wiki/IPA_vowel_chart_with_audio	http://upload.wikimedia.org/wikipedia/commons/5/5d/Close_back_rounded_vowel.ogg http://upload.wikimedia.org/wikipedia/commons/8/84/Close-mid_back_rounded_vowel.ogg	 close back rounded vowel close-mid back rounded vowel
i.4	https://en.wikipedia.org/wiki/IPA_vowel_chart_with_audio	http://upload.wikimedia.org/wikipedia/commons/9/91/Close_front_unrounded_vowel.ogg	  close front unrounded vowel
i:	https://en.wikipedia.org/wiki/IPA_vowel_chart_with_audio	http://upload.wikimedia.org/wikipedia/commons/9/91/Close_front_unrounded_vowel.ogg	long close front unrounded vowel
yɛ5ʲ	https://en.wikipedia.org/wiki/IPA_vowel_chart_with_audio	http://upload.wikimedia.org/wikipedia/commons/e/ea/Close_front_rounded_vowel.ogg http://upload.wikimedia.org/wikipedia/commons/7/71/Open-mid_front_unrounded_vowel.ogg	lateral release close front rounded vowel open-mid front unrounded vowel
a4	https://en.wikipedia.org/wiki/IPA_vowel_chart_with_audio	http://upload.wikimedia.org/wikipedia/commons/6/65/Open_front_unrounded_vowel.ogg	 open front unrounded vowel
ʏ	https://en.wikipedia.org/wiki/IPA_vowel_chart_with_audio	http://upload.wikimedia.org/wikipedia/commons/e/e3/Near-close_near-front_rounded_vowel.ogg	near-close near-front rounded vowel
ɘ	https://en.wikipedia.org/wiki/IPA_vowel_chart_with_audio	http://upload.wikimedia.org/wikipedia/commons/6/60/Close-mid_central_unrounded_vowel.ogg	close-mid central unrounded vowel
ɤ	https://en.wikipedia.org/wiki/IPA_vowel_chart_with_audio	http://upload.wikimedia.org/wikipedia/commons/2/26/Close-mid_back_unrounded_vowel.ogg	close-mid back unrounded vowel
ɞ	https://en.wikipedia.org/wiki/IPA_vowel_chart_with_audio	http://upload.wikimedia.org/wikipedia/commons/d/d9/Open-mid_central_rounded_vowel.ogg	open-mid central rounded vowel
ɶ	https://en.wikipedia.org/wiki/IPA_vowel_chart_with_audio	http://upload.wikimedia.org/wikipedia/commons/c/c1/Open_front_rounded_vowel.ogg	open front rounded vowel
ɱ	https://en.wikipedia.org/wiki/IPA_consonant_chart_with_audio	http://upload.wikimedia.org/wikipedia/commons/1/18/Labiodental_nasal.ogg	voiced labio-dental nasal
g	https://en.wikipedia.org/wiki/IPA_consonant_chart_with_audio	http://upload.wikimedia.org/wikipedia/commons/1/12/Voiced_velar_plosive_02.ogg	voiced velar plosive
ɢ	https://en.wikipedia.org/wiki/IPA_consonant_chart_with_audio	http://upload.wikimedia.org/wikipedia/commons/b/b6/Voiced_uvular_stop.oga	voiced uvular plosive
ʡ	https://en.wikipedia.org/wiki/IPA_consonant_chart_with_audio	http://upload.wikimedia.org/wikipedia/commons/b/b2/Epiglottal_stop.ogg	voiceless pharyngeal plosive
ɦ	https://en.wikipedia.org/wiki/IPA_consonant_chart_with_audio	http://upload.wikimedia.org/wikipedia/commons/e/e2/Voiced_glottal_fricative.ogg	voiced glottal fricative
ɰ	https://en.wikipedia.org/wiki/IPA_consonant_chart_with_audio	http://upload.wikimedia.org/wikipedia/commons/5/5c/Voiced_velar_approximant.ogg	voiced velar approximant
ⱱ	https://en.wikipedia.org/wiki/IPA_consonant_chart_with_audio	http://upload.wikimedia.org/wikipedia/commons/2/2c/Labiodental_flap.ogg	voiced labio-dental flap
ʙ	https://en.wikipedia.org/wiki/IPA_consonant_chart_with_audio	http://upload.wikimedia.org/wikipedia/commons/e/e7/Bilabial_trill.ogg	voiced bilabial trill
ʀ	https://en.wikipedia.org/wiki/IPA_consonant_chart_with_audio	http://upload.wikimedia.org/wikipedia/commons/c/cb/Uvular_trill.ogg	voiced uvular trill
ʟ	https://en.wikipedia.org/wiki/IPA_consonant_chart_with_audio	http://upload.wikimedia.org/wikipedia/commons/d/d3/Velar_lateral_approximant.ogg	voiced velar lateral-approximant
ɝ	https://en.wikipedia.org/wiki/IPA_vowel_chart_with_audio	http://upload.wikimedia.org/wikipedia/commons/e/e1/En-us-er.ogg	r-coloured schwa
ɹ̩	https://en.wikipedia.org/wiki/IPA_consonant_chart_with_audio	http://upload.wikimedia.org/wikipedia/commons/1/1f/Alveolar_approximant.ogg	voiced alveolar approximant
